variante,h,n_features,n,mase_todos,mase_reservados,delta_todos_pct,delta_reservados_pct
base,1,23,1824,1.154191663561006,1.2000115835560736,0.0,0.0
base,2,23,1826,1.562438506201636,1.4770571486243993,0.0,0.0
base,3,23,1825,1.9915554219755869,1.8200478842257428,0.0,0.0
base,4,23,1824,2.272785427210043,2.141333624780596,0.0,0.0
calendario,1,53,1824,1.1394300089222684,1.1853938826398824,1.278960427871556,1.218129984451788
calendario,2,53,1826,1.5560809355779306,1.4763775227518137,0.4069005339071507,0.0460121582444239
calendario,3,53,1825,1.9857253016848693,1.8204953558172607,0.2927420561027793,-0.0245857043320807
calendario,4,53,1824,2.287339976743383,2.147648384422605,-0.6403837933441014,-0.2948984487485706
calendario+enso,1,58,1824,1.141999101757314,1.1882108984720745,1.0563723676598524,0.9833809311264652
calendario+enso,2,58,1826,1.5597148965062593,1.485757843279979,0.1743178809640255,-0.589056060808657
calendario+enso,3,58,1825,1.962724814590609,1.8019868924386984,1.4476427352635657,0.9923360777250868
calendario+enso,4,58,1824,2.28705702451697,2.1457194189098514,-0.6279342139414279,-0.2048160117835484
enso,1,28,1824,1.145728256794624,1.1929011809754722,0.733275679731582,0.592527828734013
enso,2,28,1826,1.5656033447636075,1.4617965685448908,-0.202557639830947,1.0331746536497155
enso,3,28,1825,1.98032725092326,1.8192310663110955,0.5637890328549777,0.0448789244352654
enso,4,28,1824,2.2958215258996075,2.151745948344858,-1.0135624073339011,-0.4862541475912918
