variante,producto_id,h,n,mase,mase_reservados,delta_pct
base,cebolla_cabezona_blanca,1,244,1.023743482889658,0.8385689579815608,0.0
base,cebolla_cabezona_blanca,2,244,1.424690844843584,1.1747598691034937,0.0
base,cebolla_cabezona_blanca,3,244,2.117932384770597,1.731297254660284,0.0
base,cebolla_cabezona_blanca,4,244,2.5921845636597074,2.3435821155033887,0.0
base,mango_tommy,1,178,0.9152795532967586,0.7881245867066817,0.0
base,mango_tommy,2,179,1.5382015276955614,1.239215089160771,0.0
base,mango_tommy,3,178,1.9689783043472784,1.7136991944011655,0.0
base,mango_tommy,4,177,2.1150677452054096,1.939036171313474,0.0
base,papa_criolla,1,243,1.2102182781510997,1.4758649074456138,0.0
base,papa_criolla,2,244,1.4398250581658467,1.6678913208452937,0.0
base,papa_criolla,3,244,1.8500059319874749,2.1267554862059224,0.0
base,papa_criolla,4,244,1.9821041382472953,2.242442903565646,0.0
base,papa_negra,1,183,1.2223750162736546,1.248121042560545,0.0
base,papa_negra,2,183,1.5587585966355404,1.4756689827290008,0.0
base,papa_negra,3,183,2.129362070661632,1.8958460044439196,0.0
base,papa_negra,4,183,2.4878731540975165,2.318026019730765,0.0
base,platano_harton_verde,1,244,1.2774889037653736,1.3596478525616116,0.0
base,platano_harton_verde,2,244,1.8828370901964069,1.7877105277187015,0.0
base,platano_harton_verde,3,244,2.291138779837834,2.095227293095005,0.0
base,platano_harton_verde,4,244,2.636280474948419,2.4362649164026173,0.0
base,tomate,1,244,1.15838129535577,1.2546743326697318,0.0
base,tomate,2,244,1.644440396943109,1.5632223904723501,0.0
base,tomate,3,244,1.8777843838708645,1.7769279160530447,0.0
base,tomate,4,244,2.0153100610561947,1.9533653997874254,0.0
base,yuca,1,244,1.1301180932894737,1.1500134862810785,0.0
base,yuca,2,244,1.4816947787576003,1.4139993415821344,0.0
base,yuca,3,244,2.0036903104320785,1.6882240675305344,0.0
base,yuca,4,244,2.3155467871857836,1.9362752835977528,0.0
base,zanahoria,1,244,1.2446637814152948,1.396357741360289,0.0
base,zanahoria,2,244,1.5213852112035327,1.4341821110436912,0.0
base,zanahoria,3,244,1.7216183592965097,1.524768215014466,0.0
base,zanahoria,4,244,2.0464415490169534,1.9552749237144573,0.0
calendario,cebolla_cabezona_blanca,1,244,0.9769827551461795,0.8075428241209236,4.567621530687549
calendario,cebolla_cabezona_blanca,2,244,1.4402863701597926,1.2067908178200004,-1.0946603168437319
calendario,cebolla_cabezona_blanca,3,244,2.1658688448919428,1.7839525941173966,-2.2633612133249548
calendario,cebolla_cabezona_blanca,4,244,2.578474538959191,2.3052426793487912,0.5288984778599404
calendario,mango_tommy,1,178,0.9314623064848463,0.8000341931246596,-1.7680667212327528
calendario,mango_tommy,2,179,1.5341029111052626,1.2867685832071802,0.26645511114782305
calendario,mango_tommy,3,178,1.9465468768773238,1.6772521982565882,1.1392419825260958
calendario,mango_tommy,4,177,2.245772903489868,2.079444455947609,-6.179714979851125
calendario,papa_criolla,1,243,1.1876487669417077,1.449331423474248,1.8649124390909377
calendario,papa_criolla,2,244,1.4277511360420128,1.6415222965268481,0.8385686896722477
calendario,papa_criolla,3,244,1.8243043522561473,2.116965408522418,1.3892701254052842
calendario,papa_criolla,4,244,2.002978704890306,2.270744624098919,-1.0531518622159286
calendario,papa_negra,1,183,1.1925568145131615,1.1960401569123515,2.439366099889073
calendario,papa_negra,2,183,1.5636118006928315,1.456434960057078,-0.311350588074788
calendario,papa_negra,3,183,2.170557854612247,1.8763050811600592,-1.9346537875456038
calendario,papa_negra,4,183,2.471525394690907,2.259358956259917,0.6570977857004112
calendario,platano_harton_verde,1,244,1.2794194613295242,1.3630681683376435,-0.15112127850662738
calendario,platano_harton_verde,2,244,1.8798376800153787,1.798855237239929,0.1593026925508112
calendario,platano_harton_verde,3,244,2.3056005275830755,2.1031318521420252,-0.6312034815396439
calendario,platano_harton_verde,4,244,2.706029964330093,2.477177373657541,-2.6457537445077284
calendario,tomate,1,244,1.136744178337349,1.2352133925289566,1.867875206995251
calendario,tomate,2,244,1.6386135520793774,1.5719643331089537,0.3543360327661116
calendario,tomate,3,244,1.818957651265698,1.7641894847698827,3.132773555390911
calendario,tomate,4,244,2.0137270147394313,1.9787479421626393,0.07855100549311045
calendario,yuca,1,244,1.1267087608183037,1.1440996979503437,0.301679310455627
calendario,yuca,2,244,1.471270398997759,1.359221039212403,0.703544340527551
calendario,yuca,3,244,1.9683347905628856,1.6366249686931642,1.7645201798459964
calendario,yuca,4,244,2.2878476275935316,1.8922735552194456,1.1962254334716538
calendario,zanahoria,1,244,1.2377334816121748,1.3962713794143609,0.5568009535265483
calendario,zanahoria,2,244,1.488931328596061,1.4370750392822744,2.133179839562005
calendario,zanahoria,3,244,1.7207605089413107,1.5836829008220838,0.04982813702971711
calendario,zanahoria,4,244,2.0264850397088723,1.929074149526554,0.9751810071324862
calendario+enso,cebolla_cabezona_blanca,1,244,0.9740963550600149,0.7973096446726713,4.849567167891244
calendario+enso,cebolla_cabezona_blanca,2,244,1.3814870718622945,1.1393840336260055,3.0325016222051193
calendario+enso,cebolla_cabezona_blanca,3,244,2.078993104434481,1.7301994520844255,1.8385516278100367
calendario+enso,cebolla_cabezona_blanca,4,244,2.530858762603723,2.2542169596517647,2.3657960901288244
calendario+enso,mango_tommy,1,178,0.9152055249715663,0.7778094859942241,0.00808805625840403
calendario+enso,mango_tommy,2,179,1.5990738286472967,1.3272835770553566,-3.9573683848130425
calendario+enso,mango_tommy,3,178,1.9998071611561554,1.7934372144239987,-1.5657286187872321
calendario+enso,mango_tommy,4,177,2.287551785305805,2.1047405038250844,-8.15501255179154
calendario+enso,papa_criolla,1,243,1.2091422025650755,1.5064255278133771,0.08891582662824415
calendario+enso,papa_criolla,2,244,1.461069958323674,1.6682112350763665,-1.4755195457488712
calendario+enso,papa_criolla,3,244,1.8120825285530864,2.0496319212052274,2.0499071261705137
calendario+enso,papa_criolla,4,244,2.0412350530324193,2.3275164168067644,-2.9832395606323336
calendario+enso,papa_negra,1,183,1.1896934885588437,1.1713961572083489,2.673608939950267
calendario+enso,papa_negra,2,183,1.5195208646969478,1.4064659698377695,2.517242376291251
calendario+enso,papa_negra,3,183,1.9856991684004033,1.7050561567441405,6.746757831400185
calendario+enso,papa_negra,4,183,2.3604449788522377,2.147668293942859,5.121972357610161
calendario+enso,platano_harton_verde,1,244,1.2687669279650853,1.3431961754059936,0.6827437619677523
calendario+enso,platano_harton_verde,2,244,1.8836503161742528,1.8090052558855194,-0.04319152103389179
calendario+enso,platano_harton_verde,3,244,2.3028759880541867,2.101596949110647,-0.5122870914516797
calendario+enso,platano_harton_verde,4,244,2.676518659786907,2.4749656735230343,-1.5263241229776625
calendario+enso,tomate,1,244,1.1590774822705467,1.2776395681618622,-0.06009997895926045
calendario+enso,tomate,2,244,1.650348906915185,1.625993223804637,-0.35930216644273205
calendario+enso,tomate,3,244,1.8507421796338732,1.818803794720164,1.440112319032416
calendario+enso,tomate,4,244,2.0322310717905285,2.027189651278339,-0.839623195522865
calendario+enso,yuca,1,244,1.151626678794305,1.1521983856023388,-1.9032157464381028
calendario+enso,yuca,2,244,1.4657535133040946,1.374739755019674,1.0758805175025588
calendario+enso,yuca,3,244,1.9865797160951617,1.6428152974082868,0.8539540390963385
calendario+enso,yuca,4,244,2.3305494795200485,1.8806883812961273,-0.6479114314290602
calendario+enso,zanahoria,1,244,1.2155191961710223,1.3754744514932034,2.3415628926819476
calendario+enso,zanahoria,2,244,1.5177350869018296,1.475538161017796,0.23992111102588698
calendario+enso,zanahoria,3,244,1.7012486601328574,1.547984250385383,1.1831715811845722
calendario+enso,zanahoria,4,244,2.0555553333984755,1.9390119609418968,-0.4453478960051438
enso,cebolla_cabezona_blanca,1,244,1.0089132409851882,0.8191850939318928,1.448628699702148
enso,cebolla_cabezona_blanca,2,244,1.4040750864471372,1.107620755961373,1.4470338228859903
enso,cebolla_cabezona_blanca,3,244,1.9974996080966825,1.6059360079729734,5.686337181484625
enso,cebolla_cabezona_blanca,4,244,2.574485825089078,2.2846672695134966,0.6827730871771687
enso,mango_tommy,1,178,0.9266408463043035,0.7743924645536663,-1.2412921239879804
enso,mango_tommy,2,179,1.552460885841532,1.2737199852271799,-0.9270149515020476
enso,mango_tommy,3,178,2.02264437709618,1.835316505304452,-2.7255796892435624
enso,mango_tommy,4,177,2.2805465627226975,2.113490076359677,-7.823806962798585
enso,papa_criolla,1,243,1.190074314912071,1.4787295605515542,1.6644900843675536
enso,papa_criolla,2,244,1.4613307922935566,1.6860919923776814,-1.4936352167051137
enso,papa_criolla,3,244,1.8808534675891941,2.135704378888402,-1.667429010272392
enso,papa_criolla,4,244,2.01970149937517,2.3060561527498633,-1.8968408572680229
enso,papa_negra,1,183,1.2040820708636069,1.20815544366021,1.4965084500673798
enso,papa_negra,2,183,1.483358221110277,1.3743472369265306,4.837206716165632
enso,papa_negra,3,183,2.0258406453527926,1.7573004108044876,4.861616853946938
enso,papa_negra,4,183,2.4065430440404367,2.1384225913778923,3.269061765594017
enso,platano_harton_verde,1,244,1.254039683994898,1.3498814239711274,1.8355713072230606
enso,platano_harton_verde,2,244,1.8564744574598078,1.789111681903538,1.40015473849886
enso,platano_harton_verde,3,244,2.3257955787048736,2.1640500388740844,-1.512645116569189
enso,platano_harton_verde,4,244,2.628140577346626,2.4849001081922584,0.3087644762817643
enso,tomate,1,244,1.16518686073377,1.284412224246494,-0.5875064976692324
enso,tomate,2,244,1.6504776162549324,1.536506225607029,-0.36712910501628393
enso,tomate,3,244,1.8952975025645802,1.8345725155882937,-0.9326480102904045
enso,tomate,4,244,2.048534670116757,1.9949346551234408,-1.648610290922159
enso,yuca,1,244,1.1278020324255544,1.146516699578265,0.2049397206957182
enso,yuca,2,244,1.5150601810953033,1.378460113766211,-2.2518404475771803
enso,yuca,3,244,1.9615763726458426,1.65538380077971,2.1018187075603656
enso,yuca,4,244,2.3643734363168596,1.911228612297996,-2.1086444636438495
enso,zanahoria,1,244,1.2410042581622025,1.3834279914535272,0.2940170114800855
enso,zanahoria,2,244,1.5773655842065037,1.4796330778555637,-3.679566002793355
enso,zanahoria,3,244,1.7564555322463142,1.5541235681480488,-2.023513095204188
enso,zanahoria,4,244,2.067544810157294,1.967373313906203,-1.0312173905224764
