fecha_pronostico,version_modelo,producto_id,plaza_id,semana_origen,horizonte_semanas,precio_actual,umbral_alza,precio_umbral,probabilidad,alerta_activa,semana_limite
2026-09-29,2026-09-29_d8ab6229,cebolla_cabezona_blanca,bogota_corabastos,2026-09-21,2,1900.0,0.3,2470.0,0.0495,False,2026-10-05
2026-09-29,2026-09-29_d8ab6229,cebolla_cabezona_blanca,bucaramanga_centroabastos,2026-09-21,2,1971.0,0.3,2562.3,0.05,False,2026-10-05
2026-09-29,2026-09-29_d8ab6229,cebolla_cabezona_blanca,cucuta_cenabastos,2026-09-21,2,2521.0,0.3,3277.3,0.0385,False,2026-10-05
2026-09-29,2026-09-29_d8ab6229,cebolla_cabezona_blanca,medellin_central_mayorista,2026-09-21,2,2115.5,0.3,2750.15,0.054,False,2026-10-05
2026-09-29,2026-09-29_d8ab6229,mango_tommy,bogota_corabastos,2026-09-21,2,9544.0,0.35,12884.400000000001,0.022,False,2026-10-05
2026-09-29,2026-09-29_d8ab6229,mango_tommy,bucaramanga_centroabastos,2026-09-21,2,8450.0,0.35,11407.5,0.02,False,2026-10-05
2026-09-29,2026-09-29_d8ab6229,mango_tommy,medellin_central_mayorista,2026-09-21,2,8812.5,0.35,11896.875,0.025,False,2026-10-05
2026-09-29,2026-09-29_d8ab6229,papa_criolla,bogota_corabastos,2026-09-21,2,6889.0,0.25,8611.25,0.1015,False,2026-10-05
2026-09-29,2026-09-29_d8ab6229,papa_criolla,bucaramanga_centroabastos,2026-09-21,2,3950.0,0.25,4937.5,0.124,False,2026-10-05
2026-09-29,2026-09-29_d8ab6229,papa_criolla,cucuta_cenabastos,2026-09-21,2,3941.5,0.25,4926.875,0.1275,False,2026-10-05
2026-09-29,2026-09-29_d8ab6229,papa_criolla,medellin_central_mayorista,2026-09-21,2,4575.0,0.25,5718.75,0.055,False,2026-10-05
2026-09-29,2026-09-29_d8ab6229,papa_negra,bogota_corabastos,2026-09-21,2,2500.0,0.15,2875.0,0.3215,True,2026-10-05
2026-09-29,2026-09-29_d8ab6229,papa_negra,bucaramanga_centroabastos,2026-09-21,2,2400.0,0.15,2760.0,0.354,True,2026-10-05
2026-09-29,2026-09-29_d8ab6229,papa_negra,medellin_central_mayorista,2026-09-21,2,2612.5,0.15,3004.3749999999995,0.207,False,2026-10-05
2026-09-29,2026-09-29_d8ab6229,platano_harton_verde,bogota_corabastos,2026-09-21,2,3719.0,0.15,4276.849999999999,0.186,False,2026-10-05
2026-09-29,2026-09-29_d8ab6229,platano_harton_verde,bucaramanga_centroabastos,2026-09-21,2,4250.0,0.15,4887.5,0.1725,False,2026-10-05
2026-09-29,2026-09-29_d8ab6229,platano_harton_verde,cucuta_cenabastos,2026-09-21,2,3658.5,0.15,4207.275,0.2045,False,2026-10-05
2026-09-29,2026-09-29_d8ab6229,platano_harton_verde,medellin_central_mayorista,2026-09-21,2,1537.5,0.15,1768.1249999999998,0.271,False,2026-10-05
2026-09-29,2026-09-29_d8ab6229,tomate,bogota_corabastos,2026-09-21,2,4290.0,0.4,6006.0,0.021,False,2026-10-05
2026-09-29,2026-09-29_d8ab6229,tomate,bucaramanga_centroabastos,2026-09-21,2,4091.0,0.4,5727.4,0.0275,False,2026-10-05
2026-09-29,2026-09-29_d8ab6229,tomate,cucuta_cenabastos,2026-09-21,2,4869.5,0.4,6817.299999999999,0.017,False,2026-10-05
2026-09-29,2026-09-29_d8ab6229,tomate,medellin_central_mayorista,2026-09-21,2,3762.5,0.4,5267.5,0.0255,False,2026-10-05
2026-09-29,2026-09-29_d8ab6229,yuca,bogota_corabastos,2026-09-21,2,2500.0,0.1,2750.0,0.33,True,2026-10-05
2026-09-29,2026-09-29_d8ab6229,yuca,bucaramanga_centroabastos,2026-09-21,2,3050.5,0.1,3355.55,0.266,False,2026-10-05
2026-09-29,2026-09-29_d8ab6229,yuca,cucuta_cenabastos,2026-09-21,2,2766.5,0.1,3043.15,0.2685,False,2026-10-05
2026-09-29,2026-09-29_d8ab6229,yuca,medellin_central_mayorista,2026-09-21,2,2675.0,0.1,2942.5000000000005,0.3185,True,2026-10-05
2026-09-29,2026-09-29_d8ab6229,zanahoria,bogota_corabastos,2026-09-21,2,1885.5,0.25,2356.875,0.088,False,2026-10-05
2026-09-29,2026-09-29_d8ab6229,zanahoria,bucaramanga_centroabastos,2026-09-21,2,1371.0,0.25,1713.75,0.0995,False,2026-10-05
2026-09-29,2026-09-29_d8ab6229,zanahoria,cucuta_cenabastos,2026-09-21,2,1158.5,0.25,1448.125,0.095,False,2026-10-05
2026-09-29,2026-09-29_d8ab6229,zanahoria,medellin_central_mayorista,2026-09-21,2,847.0,0.25,1058.75,0.1125,False,2026-10-05
