modelo,h,regimen,n,mase,mae,cobertura_pct,factor_degradacion
auto_arima,1,choque,60,3.4304956064420673,703.6748314455,,3.1176959922849923
auto_arima,1,normal,1764,1.1003303769614243,256.6463602554643,,3.1176959922849923
auto_arima,2,choque,149,2.204146708553813,508.2053648701243,,1.4225780684633718
auto_arima,2,normal,1677,1.5494029870252881,358.8442523292423,,1.4225780684633718
auto_arima,3,choque,88,2.7486817836157242,545.0049291030213,,1.3775979230985278
auto_arima,3,normal,1737,1.9952714340867475,468.7396110498663,,1.3775979230985278
auto_arima,4,choque,209,2.8617170521416737,635.9944511630489,,1.2715028904851984
auto_arima,4,normal,1615,2.250657134605222,529.8432481787805,,1.2715028904851984
ets,1,choque,60,3.4296113595838427,713.0426288374617,,3.077777263886201
ets,1,normal,1764,1.114314346208859,263.3020688314429,,3.077777263886201
ets,2,choque,149,2.3317208096523205,544.1762493422414,,1.462883225211652
ets,2,normal,1677,1.5939213530286835,379.0594207857431,,1.462883225211652
ets,3,choque,88,2.7990695499672196,556.1305820053004,,1.3662176680779936
ets,3,normal,1737,2.0487727654005337,492.5088580486236,,1.3662176680779936
ets,4,choque,209,2.8864393142027946,645.4505693033603,,1.2460024253782138
ets,4,normal,1615,2.3165599483697954,557.3464342435987,,1.2460024253782138
lgbm_conformal,1,choque,60,3.4789465872441565,733.327558262786,45.0,3.0236784682355258
lgbm_conformal,1,normal,1764,1.1505676360073773,262.79137337314387,82.44318181818183,3.0236784682355258
lgbm_conformal,2,choque,149,2.3347151322414157,512.9894219770648,68.45637583892618,1.4457175983826227
lgbm_conformal,2,normal,1677,1.6149178337825776,364.08183711821323,82.37753882915173,1.4457175983826227
lgbm_conformal,3,choque,88,3.1602510881298147,582.5778871903316,75.0,1.5091788894825628
lgbm_conformal,3,normal,1737,2.0940202053935026,467.8664283909676,79.52710495963092,1.5091788894825628
lgbm_conformal,4,choque,209,3.0663632288216363,654.3960586946691,66.82692307692307,1.304088117012277
lgbm_conformal,4,normal,1615,2.351346652745222,521.36131504402,80.16119032858029,1.304088117012277
lgbm_cuantil,1,choque,60,3.506884411935734,735.421827573804,36.666666666666664,3.2652973728912587
lgbm_cuantil,1,normal,1764,1.073986228957322,248.9769987435372,75.51136363636364,3.2652973728912587
lgbm_cuantil,2,choque,149,2.0737737212296965,468.1312124718421,61.74496644295302,1.3670901200261585
lgbm_cuantil,2,normal,1677,1.5169253956644906,352.63367548087274,71.80406212664278,1.3670901200261585
lgbm_cuantil,3,choque,88,2.525280379359613,520.6827390079899,64.77272727272727,1.2854773148788856
lgbm_cuantil,3,normal,1737,1.964469034288278,452.2599916031413,67.87773933102653,1.2854773148788856
lgbm_cuantil,4,choque,209,2.9648625604387013,642.0503358563149,51.92307692307693,1.3578234707979993
lgbm_cuantil,4,normal,1615,2.18354051480362,493.82595096015154,66.33601983880966,1.3578234707979993
naive,1,choque,60,3.555071920447593,754.9666666666667,,3.237206152149363
naive,1,normal,1764,1.0981913889194796,262.4753401360544,,3.237206152149363
naive,2,choque,149,2.2598912549405092,537.1610738255033,,1.410711316978278
naive,2,normal,1677,1.6019516025299647,385.2000596302922,,1.410711316978278
naive,3,choque,88,2.7764005910573593,555.1136363636364,,1.357327886223542
naive,3,normal,1737,2.0454899801565753,494.8966609096143,,1.357327886223542
naive,4,choque,209,2.8724087899376736,650.7344497607655,,1.2598575342039442
naive,4,normal,1615,2.279947305115446,551.1987616099071,,1.2598575342039442
naive_deriva,1,choque,60,3.542516545719478,751.7031196527822,,3.2153858402227953
naive_deriva,1,normal,1764,1.1017391758725963,263.02287149243966,,3.2153858402227953
naive_deriva,2,choque,149,2.3179865653880527,546.0807218179343,,1.4440902094352583
naive_deriva,2,normal,1677,1.6051535771401357,385.9303369390727,,1.4440902094352583
naive_deriva,3,choque,88,2.800430137447957,560.504690910671,,1.3586421495213448
naive_deriva,3,normal,1737,2.0611977469082348,498.2699724728126,,1.3586421495213448
naive_deriva,4,choque,209,2.9195300147152223,658.9112956176493,,1.2694874080969025
naive_deriva,4,normal,1615,2.299770754789849,555.9422471910051,,1.2694874080969025
naive_estacional,1,choque,60,6.43968310512744,1532.3666666666666,,1.2099910120885977
naive_estacional,1,normal,1764,5.322091685633046,1018.7373015873017,,1.2099910120885977
naive_estacional,2,choque,149,5.705088302332721,1094.0312080536912,,1.1084306077371435
naive_estacional,2,normal,1677,5.146996359095167,997.5656231365534,,1.1084306077371435
naive_estacional,3,choque,88,5.075850938956432,868.5227272727273,,0.9759915448753814
naive_estacional,3,normal,1737,5.20071199961526,1009.9178756476684,,0.9759915448753814
naive_estacional,4,choque,209,4.658491622445029,865.7117224880383,,0.8696090617871608
naive_estacional,4,normal,1615,5.356995260457862,1034.5263157894738,,0.8696090617871608
promedio_movil_4,1,choque,60,3.191415046362215,736.5979166666667,,2.040954049700474
promedio_movil_4,1,normal,1764,1.5636878482543886,379.968714569161,,2.040954049700474
promedio_movil_4,2,choque,149,2.6657624394835957,637.7953020134228,,1.4446781506055684
promedio_movil_4,2,normal,1677,1.8452292909435803,445.86220184853903,,1.4446781506055684
promedio_movil_4,3,choque,88,3.0408052929468044,608.4048295454545,,1.3276882272536668
promedio_movil_4,3,normal,1737,2.2903007125676886,558.4361902705815,,1.3276882272536668
promedio_movil_4,4,choque,209,2.9463280518140866,652.4677033492823,,1.1631014995366242
promedio_movil_4,4,normal,1615,2.5331650358871465,617.0091718266253,,1.1631014995366242
promedio_movil_8,1,choque,60,3.69638640026125,902.1927083333334,,1.7462337695158714
promedio_movil_8,1,normal,1764,2.116776381713224,511.06111111111113,,1.7462337695158714
promedio_movil_8,2,choque,149,3.0717870888751184,742.0750838926175,,1.3157229855088446
promedio_movil_8,2,normal,1677,2.3346761610971867,560.9776088252833,,1.3157229855088446
promedio_movil_8,3,choque,88,3.6993991403204776,752.6015625,,1.360576964712898
promedio_movil_8,3,normal,1737,2.7189929245208893,661.3592832469775,,1.360576964712898
promedio_movil_8,4,choque,209,3.227420791508895,716.8459928229665,,1.0867054595857313
promedio_movil_8,4,normal,1615,2.969913110346604,719.0344427244582,,1.0867054595857313
