fecha_pronostico,version_modelo,modelo,producto_id,plaza_id,semana_origen,h,semana_objetivo,precio_origen,y_pred,lo,hi,nivel_intervalo,procedencia
2026-09-29,2026-09-29_20fb0a11,lgbm_conformal,cebolla_cabezona_blanca,bogota_corabastos,2026-09-21,1,2026-09-28,1900.0,1878.9928707377449,1612.196270232395,2189.9406874166384,0.8,vivo
2026-09-29,2026-09-29_20fb0a11,lgbm_conformal,cebolla_cabezona_blanca,bucaramanga_centroabastos,2026-09-21,1,2026-09-28,1971.0,1936.8391337188018,1661.8289915041503,2257.3597217781057,0.8,vivo
2026-09-29,2026-09-29_20fb0a11,lgbm_conformal,cebolla_cabezona_blanca,cucuta_cenabastos,2026-09-21,1,2026-09-28,2521.0,2487.7541672645643,2134.520067734103,2899.443715847585,0.8,vivo
2026-09-29,2026-09-29_20fb0a11,lgbm_conformal,cebolla_cabezona_blanca,medellin_central_mayorista,2026-09-21,1,2026-09-28,2115.5,2054.7664242662017,1763.011886309112,2394.8023782928994,0.8,vivo
2026-09-29,2026-09-29_20fb0a11,lgbm_conformal,mango_tommy,bogota_corabastos,2026-09-21,1,2026-09-28,9544.0,9131.936067860177,7835.3002280548335,10643.147540013062,0.8,vivo
2026-09-29,2026-09-29_20fb0a11,lgbm_conformal,mango_tommy,bucaramanga_centroabastos,2026-09-21,1,2026-09-28,8450.0,8053.274214475588,6909.796654331421,9385.981790489126,0.8,vivo
2026-09-29,2026-09-29_20fb0a11,lgbm_conformal,mango_tommy,medellin_central_mayorista,2026-09-21,1,2026-09-28,8812.5,8606.35077632448,7384.342345298118,10030.58501645764,0.8,vivo
2026-09-29,2026-09-29_20fb0a11,lgbm_conformal,papa_criolla,bogota_corabastos,2026-09-21,1,2026-09-28,6889.0,6774.200597817386,5812.337613244496,7895.238851043505,0.8,vivo
2026-09-29,2026-09-29_20fb0a11,lgbm_conformal,papa_criolla,bucaramanga_centroabastos,2026-09-21,1,2026-09-28,3950.0,3859.3703657759984,3311.381648141402,4498.043778369678,0.8,vivo
2026-09-29,2026-09-29_20fb0a11,lgbm_conformal,papa_criolla,cucuta_cenabastos,2026-09-21,1,2026-09-28,3941.5,3898.394633733172,3344.864893463351,4543.526033000325,0.8,vivo
2026-09-29,2026-09-29_20fb0a11,lgbm_conformal,papa_criolla,medellin_central_mayorista,2026-09-21,1,2026-09-28,4575.0,4251.656897456296,3647.9677486459045,4955.248406567623,0.8,vivo
2026-09-29,2026-09-29_20fb0a11,lgbm_conformal,papa_negra,bogota_corabastos,2026-09-21,1,2026-09-28,2500.0,2579.214791526427,2212.994275701804,3006.0398320366457,0.8,vivo
2026-09-29,2026-09-29_20fb0a11,lgbm_conformal,papa_negra,bucaramanga_centroabastos,2026-09-21,1,2026-09-28,2400.0,2481.9791464750597,2129.565037237527,2892.7130075013374,0.8,vivo
2026-09-29,2026-09-29_20fb0a11,lgbm_conformal,papa_negra,medellin_central_mayorista,2026-09-21,1,2026-09-28,2612.5,2630.3167475890973,2256.8403084616143,3065.5984682247013,0.8,vivo
2026-09-29,2026-09-29_20fb0a11,lgbm_conformal,platano_harton_verde,bogota_corabastos,2026-09-21,1,2026-09-28,3719.0,3737.1437198401713,3206.5098597650112,4355.590281504497,0.8,vivo
2026-09-29,2026-09-29_20fb0a11,lgbm_conformal,platano_harton_verde,bucaramanga_centroabastos,2026-09-21,1,2026-09-28,4250.0,4323.16698469022,3709.3241793795983,5038.592442637752,0.8,vivo
2026-09-29,2026-09-29_20fb0a11,lgbm_conformal,platano_harton_verde,cucuta_cenabastos,2026-09-21,1,2026-09-28,3658.5,3644.7192189379643,3127.208635181799,4247.87078017374,0.8,vivo
2026-09-29,2026-09-29_20fb0a11,lgbm_conformal,platano_harton_verde,medellin_central_mayorista,2026-09-21,1,2026-09-28,1537.5,1545.785508032837,1326.3007377198594,1801.5920287824156,0.8,vivo
2026-09-29,2026-09-29_20fb0a11,lgbm_conformal,tomate,bogota_corabastos,2026-09-21,1,2026-09-28,4290.0,4257.105356200137,3652.6425853640912,4961.598511282051,0.8,vivo
2026-09-29,2026-09-29_20fb0a11,lgbm_conformal,tomate,bucaramanga_centroabastos,2026-09-21,1,2026-09-28,4091.0,4096.111245146987,3514.5078912886634,4773.9620600105045,0.8,vivo
2026-09-29,2026-09-29_20fb0a11,lgbm_conformal,tomate,cucuta_cenabastos,2026-09-21,1,2026-09-28,4869.5,4632.882481495293,3975.0634360624963,5399.561650419038,0.8,vivo
2026-09-29,2026-09-29_20fb0a11,lgbm_conformal,tomate,medellin_central_mayorista,2026-09-21,1,2026-09-28,3762.5,3669.0611591192755,3148.09428396828,4276.240981063744,0.8,vivo
2026-09-29,2026-09-29_20fb0a11,lgbm_conformal,yuca,bogota_corabastos,2026-09-21,1,2026-09-28,2500.0,2505.5633451324566,2149.8005355749674,2920.200070929988,0.8,vivo
2026-09-29,2026-09-29_20fb0a11,lgbm_conformal,yuca,bucaramanga_centroabastos,2026-09-21,1,2026-09-28,3050.5,3028.8375752432307,2598.7755025540005,3530.069083762524,0.8,vivo
2026-09-29,2026-09-29_20fb0a11,lgbm_conformal,yuca,cucuta_cenabastos,2026-09-21,1,2026-09-28,2766.5,2770.3643231225974,2377.002647790528,3228.822016653839,0.8,vivo
2026-09-29,2026-09-29_20fb0a11,lgbm_conformal,yuca,medellin_central_mayorista,2026-09-21,1,2026-09-28,2675.0,2692.5627434852304,2310.248048311764,3138.1453315814474,0.8,vivo
2026-09-29,2026-09-29_20fb0a11,lgbm_conformal,zanahoria,bogota_corabastos,2026-09-21,1,2026-09-28,1885.5,1863.4629100860852,1598.8713954926461,2171.840729064111,0.8,vivo
2026-09-29,2026-09-29_20fb0a11,lgbm_conformal,zanahoria,bucaramanga_centroabastos,2026-09-21,1,2026-09-28,1371.0,1372.017778988111,1177.2061408134502,1599.0680991170389,0.8,vivo
2026-09-29,2026-09-29_20fb0a11,lgbm_conformal,zanahoria,cucuta_cenabastos,2026-09-21,1,2026-09-28,1158.5,1174.3875260386176,1007.6372394875184,1368.7327217248887,0.8,vivo
2026-09-29,2026-09-29_20fb0a11,lgbm_conformal,zanahoria,medellin_central_mayorista,2026-09-21,1,2026-09-28,847.0,846.6567705333276,726.4406953736378,986.7669744482449,0.8,vivo
2026-09-29,2026-09-29_20fb0a11,lgbm_conformal,cebolla_cabezona_blanca,bogota_corabastos,2026-09-21,2,2026-10-05,1900.0,1742.0312309122776,1412.5275396594063,2148.399039501542,0.8,vivo
2026-09-29,2026-09-29_20fb0a11,lgbm_conformal,cebolla_cabezona_blanca,bucaramanga_centroabastos,2026-09-21,2,2026-10-05,1971.0,1820.955414074573,1476.5232822635635,2245.734056400477,0.8,vivo
2026-09-29,2026-09-29_20fb0a11,lgbm_conformal,cebolla_cabezona_blanca,cucuta_cenabastos,2026-09-21,2,2026-10-05,2521.0,2263.714947572429,1835.5352353299588,2791.777169530431,0.8,vivo
2026-09-29,2026-09-29_20fb0a11,lgbm_conformal,cebolla_cabezona_blanca,medellin_central_mayorista,2026-09-21,2,2026-10-05,2115.5,1981.5851719760676,1606.770061252631,2443.8343036676943,0.8,vivo
2026-09-29,2026-09-29_20fb0a11,lgbm_conformal,mango_tommy,bogota_corabastos,2026-09-21,2,2026-10-05,9544.0,8579.761545868123,6956.907116356837,10581.183125311918,0.8,vivo
2026-09-29,2026-09-29_20fb0a11,lgbm_conformal,mango_tommy,bucaramanga_centroabastos,2026-09-21,2,2026-10-05,8450.0,7356.184378437198,5964.768505277216,9072.179173707684,0.8,vivo
2026-09-29,2026-09-29_20fb0a11,lgbm_conformal,mango_tommy,medellin_central_mayorista,2026-09-21,2,2026-10-05,8812.5,7525.1384176430565,6101.765035006474,9280.545527369257,0.8,vivo
2026-09-29,2026-09-29_20fb0a11,lgbm_conformal,papa_criolla,bogota_corabastos,2026-09-21,2,2026-10-05,6889.0,6726.536526190664,5454.2179963062235,8295.651854916587,0.8,vivo
2026-09-29,2026-09-29_20fb0a11,lgbm_conformal,papa_criolla,bucaramanga_centroabastos,2026-09-21,2,2026-10-05,3950.0,3944.2168355546523,3198.171653726094,4864.293768518628,0.8,vivo
2026-09-29,2026-09-29_20fb0a11,lgbm_conformal,papa_criolla,cucuta_cenabastos,2026-09-21,2,2026-10-05,3941.5,3961.6252795917053,3212.2873057239517,4885.763122101247,0.8,vivo
2026-09-29,2026-09-29_20fb0a11,lgbm_conformal,papa_criolla,medellin_central_mayorista,2026-09-21,2,2026-10-05,4575.0,4143.272123734349,3359.575807382637,5109.7831617880065,0.8,vivo
2026-09-29,2026-09-29_20fb0a11,lgbm_conformal,papa_negra,bogota_corabastos,2026-09-21,2,2026-10-05,2500.0,2632.5802117265966,2134.629955789503,3246.6885196554745,0.8,vivo
2026-09-29,2026-09-29_20fb0a11,lgbm_conformal,papa_negra,bucaramanga_centroabastos,2026-09-21,2,2026-10-05,2400.0,2565.3326650784447,2080.1022240649113,3163.753976310884,0.8,vivo
2026-09-29,2026-09-29_20fb0a11,lgbm_conformal,papa_negra,medellin_central_mayorista,2026-09-21,2,2026-10-05,2612.5,2597.2094290716536,2105.949525890867,3203.066709590392,0.8,vivo
2026-09-29,2026-09-29_20fb0a11,lgbm_conformal,platano_harton_verde,bogota_corabastos,2026-09-21,2,2026-10-05,3719.0,3638.223479367544,2950.0566745584983,4486.920607314183,0.8,vivo
2026-09-29,2026-09-29_20fb0a11,lgbm_conformal,platano_harton_verde,bucaramanga_centroabastos,2026-09-21,2,2026-10-05,4250.0,4124.999846753783,3344.759715690745,5087.248466876712,0.8,vivo
2026-09-29,2026-09-29_20fb0a11,lgbm_conformal,platano_harton_verde,cucuta_cenabastos,2026-09-21,2,2026-10-05,3658.5,3628.877618202092,2942.4785748988725,4475.394614671298,0.8,vivo
2026-09-29,2026-09-29_20fb0a11,lgbm_conformal,platano_harton_verde,medellin_central_mayorista,2026-09-21,2,2026-10-05,1537.5,1571.000989850821,1273.8475198486365,1937.4721633916768,0.8,vivo
2026-09-29,2026-09-29_20fb0a11,lgbm_conformal,tomate,bogota_corabastos,2026-09-21,2,2026-10-05,4290.0,3973.2397874877047,3221.704939559425,4900.086974145496,0.8,vivo
2026-09-29,2026-09-29_20fb0a11,lgbm_conformal,tomate,bucaramanga_centroabastos,2026-09-21,2,2026-10-05,4091.0,3875.627870206965,3142.5562314815593,4779.704890513147,0.8,vivo
2026-09-29,2026-09-29_20fb0a11,lgbm_conformal,tomate,cucuta_cenabastos,2026-09-21,2,2026-10-05,4869.5,4240.564835603618,3438.46568747481,5229.771578196003,0.8,vivo
2026-09-29,2026-09-29_20fb0a11,lgbm_conformal,tomate,medellin_central_mayorista,2026-09-21,2,2026-10-05,3762.5,3557.121890455432,2884.295380607126,4386.900255997299,0.8,vivo
2026-09-29,2026-09-29_20fb0a11,lgbm_conformal,yuca,bogota_corabastos,2026-09-21,2,2026-10-05,2500.0,2525.678119657928,2047.9483013996894,3114.849119852775,0.8,vivo
2026-09-29,2026-09-29_20fb0a11,lgbm_conformal,yuca,bucaramanga_centroabastos,2026-09-21,2,2026-10-05,3050.5,2977.3046475222664,2414.150064565012,3671.8276524184867,0.8,vivo
2026-09-29,2026-09-29_20fb0a11,lgbm_conformal,yuca,cucuta_cenabastos,2026-09-21,2,2026-10-05,2766.5,2702.4886667513533,2191.3152873870295,3332.9046878636477,0.8,vivo
2026-09-29,2026-09-29_20fb0a11,lgbm_conformal,yuca,medellin_central_mayorista,2026-09-21,2,2026-10-05,2675.0,2685.0407438809334,2177.1676239427784,3311.386646125397,0.8,vivo
2026-09-29,2026-09-29_20fb0a11,lgbm_conformal,zanahoria,bogota_corabastos,2026-09-21,2,2026-10-05,1885.5,1794.911336777609,1455.405419521393,2213.6146146495967,0.8,vivo
2026-09-29,2026-09-29_20fb0a11,lgbm_conformal,zanahoria,bucaramanga_centroabastos,2026-09-21,2,2026-10-05,1371.0,1331.439225567705,1079.598654791213,1642.0272510650398,0.8,vivo
2026-09-29,2026-09-29_20fb0a11,lgbm_conformal,zanahoria,cucuta_cenabastos,2026-09-21,2,2026-10-05,1158.5,1115.5773454700002,904.566861451327,1375.8107518211984,0.8,vivo
2026-09-29,2026-09-29_20fb0a11,lgbm_conformal,zanahoria,medellin_central_mayorista,2026-09-21,2,2026-10-05,847.0,835.8878318218717,677.780375898462,1030.877393671461,0.8,vivo
2026-09-29,2026-09-29_20fb0a11,lgbm_conformal,cebolla_cabezona_blanca,bogota_corabastos,2026-09-21,3,2026-10-12,1900.0,1681.9437115038581,1284.580386234754,2202.224694524016,0.8,vivo
2026-09-29,2026-09-29_20fb0a11,lgbm_conformal,cebolla_cabezona_blanca,bucaramanga_centroabastos,2026-09-21,3,2026-10-12,1971.0,1716.9118480542838,1311.2872147978171,2248.009635664514,0.8,vivo
2026-09-29,2026-09-29_20fb0a11,lgbm_conformal,cebolla_cabezona_blanca,cucuta_cenabastos,2026-09-21,3,2026-10-12,2521.0,2242.5663457172045,1712.7545487017087,2936.266506345317,0.8,vivo
2026-09-29,2026-09-29_20fb0a11,lgbm_conformal,cebolla_cabezona_blanca,medellin_central_mayorista,2026-09-21,3,2026-10-12,2115.5,1904.2046139458914,1454.3316055835812,2493.238266879179,0.8,vivo
2026-09-29,2026-09-29_20fb0a11,lgbm_conformal,mango_tommy,bogota_corabastos,2026-09-21,3,2026-10-12,9544.0,8214.143395999246,6273.531881031776,10755.05042606737,0.8,vivo
2026-09-29,2026-09-29_20fb0a11,lgbm_conformal,mango_tommy,bucaramanga_centroabastos,2026-09-21,3,2026-10-12,8450.0,6761.957715333094,5164.428627578204,8853.6555428,0.8,vivo
2026-09-29,2026-09-29_20fb0a11,lgbm_conformal,mango_tommy,medellin_central_mayorista,2026-09-21,3,2026-10-12,8812.5,7185.714155509148,5488.07156988815,9408.493906674197,0.8,vivo
2026-09-29,2026-09-29_20fb0a11,lgbm_conformal,papa_criolla,bogota_corabastos,2026-09-21,3,2026-10-12,6889.0,6379.435822210387,4872.278469490296,8352.806939205711,0.8,vivo
2026-09-29,2026-09-29_20fb0a11,lgbm_conformal,papa_criolla,bucaramanga_centroabastos,2026-09-21,3,2026-10-12,3950.0,3705.582364745207,2830.129446527659,4851.841910891365,0.8,vivo
2026-09-29,2026-09-29_20fb0a11,lgbm_conformal,papa_criolla,cucuta_cenabastos,2026-09-21,3,2026-10-12,3941.5,3870.995201728725,2956.4630952503544,5068.422425390671,0.8,vivo
2026-09-29,2026-09-29_20fb0a11,lgbm_conformal,papa_criolla,medellin_central_mayorista,2026-09-21,3,2026-10-12,4575.0,3756.966390555081,2869.373870267694,4919.120720383382,0.8,vivo
2026-09-29,2026-09-29_20fb0a11,lgbm_conformal,papa_negra,bogota_corabastos,2026-09-21,3,2026-10-12,2500.0,2646.811668961967,2021.4959232885233,3465.558317603067,0.8,vivo
2026-09-29,2026-09-29_20fb0a11,lgbm_conformal,papa_negra,bucaramanga_centroabastos,2026-09-21,3,2026-10-12,2400.0,2551.777109046373,1948.9135111381963,3341.1264158408994,0.8,vivo
2026-09-29,2026-09-29_20fb0a11,lgbm_conformal,papa_negra,medellin_central_mayorista,2026-09-21,3,2026-10-12,2612.5,2634.323886752253,2011.9584102407016,3449.207650114034,0.8,vivo
2026-09-29,2026-09-29_20fb0a11,lgbm_conformal,platano_harton_verde,bogota_corabastos,2026-09-21,3,2026-10-12,3719.0,3566.5470018596516,2723.9415289806893,4669.798298216057,0.8,vivo
2026-09-29,2026-09-29_20fb0a11,lgbm_conformal,platano_harton_verde,bucaramanga_centroabastos,2026-09-21,3,2026-10-12,4250.0,4207.75199640679,3213.660271598151,5509.349267482014,0.8,vivo
2026-09-29,2026-09-29_20fb0a11,lgbm_conformal,platano_harton_verde,cucuta_cenabastos,2026-09-21,3,2026-10-12,3658.5,3555.5978128761426,2715.5791127373914,4655.4621618759575,0.8,vivo
2026-09-29,2026-09-29_20fb0a11,lgbm_conformal,platano_harton_verde,medellin_central_mayorista,2026-09-21,3,2026-10-12,1537.5,1617.260325482191,1235.178608737461,2117.532591543364,0.8,vivo
2026-09-29,2026-09-29_20fb0a11,lgbm_conformal,tomate,bogota_corabastos,2026-09-21,3,2026-10-12,4290.0,3958.562591129368,3023.342474226283,5183.077313098342,0.8,vivo
2026-09-29,2026-09-29_20fb0a11,lgbm_conformal,tomate,bucaramanga_centroabastos,2026-09-21,3,2026-10-12,4091.0,3769.436164570288,2878.89762960111,4935.447809145983,0.8,vivo
2026-09-29,2026-09-29_20fb0a11,lgbm_conformal,tomate,cucuta_cenabastos,2026-09-21,3,2026-10-12,4869.5,3855.395861317981,2944.549137254742,5047.997691533134,0.8,vivo
2026-09-29,2026-09-29_20fb0a11,lgbm_conformal,tomate,medellin_central_mayorista,2026-09-21,3,2026-10-12,3762.5,3670.0215917298647,2802.9699933174143,4805.28101116855,0.8,vivo
2026-09-29,2026-09-29_20fb0a11,lgbm_conformal,yuca,bogota_corabastos,2026-09-21,3,2026-10-12,2500.0,2475.0012468036066,1890.2761345727602,3240.601232615107,0.8,vivo
2026-09-29,2026-09-29_20fb0a11,lgbm_conformal,yuca,bucaramanga_centroabastos,2026-09-21,3,2026-10-12,3050.5,2989.114542945693,2282.92890410934,3913.746825302585,0.8,vivo
2026-09-29,2026-09-29_20fb0a11,lgbm_conformal,yuca,cucuta_cenabastos,2026-09-21,3,2026-10-12,2766.5,2766.1579289050737,2112.646336732688,3621.822334673408,0.8,vivo
2026-09-29,2026-09-29_20fb0a11,lgbm_conformal,yuca,medellin_central_mayorista,2026-09-21,3,2026-10-12,2675.0,2623.8626953294697,2003.9687009380405,3435.510465167935,0.8,vivo
2026-09-29,2026-09-29_20fb0a11,lgbm_conformal,zanahoria,bogota_corabastos,2026-09-21,3,2026-10-12,1885.5,1752.9440404701209,1338.8067134194655,2295.1877804462133,0.8,vivo
2026-09-29,2026-09-29_20fb0a11,lgbm_conformal,zanahoria,bucaramanga_centroabastos,2026-09-21,3,2026-10-12,1371.0,1342.1984556510874,1025.1007799912388,1757.3849610840807,0.8,vivo
2026-09-29,2026-09-29_20fb0a11,lgbm_conformal,zanahoria,cucuta_cenabastos,2026-09-21,3,2026-10-12,1158.5,1103.0834878565615,842.4773095486025,1444.3038018836994,0.8,vivo
2026-09-29,2026-09-29_20fb0a11,lgbm_conformal,zanahoria,medellin_central_mayorista,2026-09-21,3,2026-10-12,847.0,861.8450196324278,658.232020858793,1128.442273130562,0.8,vivo
2026-09-29,2026-09-29_20fb0a11,lgbm_conformal,cebolla_cabezona_blanca,bogota_corabastos,2026-09-21,4,2026-10-19,1900.0,1582.8315424175257,1182.0521442427103,2119.4967615213936,0.8,vivo
2026-09-29,2026-09-29_20fb0a11,lgbm_conformal,cebolla_cabezona_blanca,bucaramanga_centroabastos,2026-09-21,4,2026-10-19,1971.0,1662.45407647038,1241.5139281312624,2226.1156268564864,0.8,vivo
2026-09-29,2026-09-29_20fb0a11,lgbm_conformal,cebolla_cabezona_blanca,cucuta_cenabastos,2026-09-21,4,2026-10-19,2521.0,2031.616088852406,1517.2026142706877,2720.4434619749186,0.8,vivo
2026-09-29,2026-09-29_20fb0a11,lgbm_conformal,cebolla_cabezona_blanca,medellin_central_mayorista,2026-09-21,4,2026-10-19,2115.5,1740.7827816390775,1300.0094858827838,2331.001985568831,0.8,vivo
2026-09-29,2026-09-29_20fb0a11,lgbm_conformal,mango_tommy,bogota_corabastos,2026-09-21,4,2026-10-19,9544.0,6940.122700833775,5182.855344984083,9293.19841991002,0.8,vivo
2026-09-29,2026-09-29_20fb0a11,lgbm_conformal,mango_tommy,bucaramanga_centroabastos,2026-09-21,4,2026-10-19,8450.0,5775.809687478045,4313.351132359672,7734.120530019368,0.8,vivo
2026-09-29,2026-09-29_20fb0a11,lgbm_conformal,mango_tommy,medellin_central_mayorista,2026-09-21,4,2026-10-19,8812.5,6160.6760151979215,4600.767737182483,8249.477289952913,0.8,vivo
2026-09-29,2026-09-29_20fb0a11,lgbm_conformal,papa_criolla,bogota_corabastos,2026-09-21,4,2026-10-19,6889.0,5944.379286660058,4439.238221937693,7959.844310461312,0.8,vivo
2026-09-29,2026-09-29_20fb0a11,lgbm_conformal,papa_criolla,bucaramanga_centroabastos,2026-09-21,4,2026-10-19,3950.0,3701.9055698113775,2764.5679905368556,4957.051117827375,0.8,vivo
2026-09-29,2026-09-29_20fb0a11,lgbm_conformal,papa_criolla,cucuta_cenabastos,2026-09-21,4,2026-10-19,3941.5,3888.043269197887,2903.574865739871,5206.2995314925365,0.8,vivo
2026-09-29,2026-09-29_20fb0a11,lgbm_conformal,papa_criolla,medellin_central_mayorista,2026-09-21,4,2026-10-19,4575.0,3563.4758114997962,2661.1892112706278,4771.686209069327,0.8,vivo
2026-09-29,2026-09-29_20fb0a11,lgbm_conformal,papa_negra,bogota_corabastos,2026-09-21,4,2026-10-19,2500.0,2692.396259191846,2010.670552134642,3605.2637309549787,0.8,vivo
2026-09-29,2026-09-29_20fb0a11,lgbm_conformal,papa_negra,bucaramanga_centroabastos,2026-09-21,4,2026-10-19,2400.0,2555.273793387654,1908.2680535843972,3421.649357336975,0.8,vivo
2026-09-29,2026-09-29_20fb0a11,lgbm_conformal,papa_negra,medellin_central_mayorista,2026-09-21,4,2026-10-19,2612.5,2666.064774102585,1991.0063063973369,3570.004452960368,0.8,vivo
2026-09-29,2026-09-29_20fb0a11,lgbm_conformal,platano_harton_verde,bogota_corabastos,2026-09-21,4,2026-10-19,3719.0,3684.102913376608,2751.2730392751473,4933.21240116752,0.8,vivo
2026-09-29,2026-09-29_20fb0a11,lgbm_conformal,platano_harton_verde,bucaramanga_centroabastos,2026-09-21,4,2026-10-19,4250.0,3967.2143467291394,2962.699503738231,5312.313872208389,0.8,vivo
2026-09-29,2026-09-29_20fb0a11,lgbm_conformal,platano_harton_verde,cucuta_cenabastos,2026-09-21,4,2026-10-19,3658.5,3662.7086262105527,2735.295872822832,4904.564297343246,0.8,vivo
2026-09-29,2026-09-29_20fb0a11,lgbm_conformal,platano_harton_verde,medellin_central_mayorista,2026-09-21,4,2026-10-19,1537.5,1688.6568146406375,1261.0820261942292,2261.2025057861483,0.8,vivo
2026-09-29,2026-09-29_20fb0a11,lgbm_conformal,tomate,bogota_corabastos,2026-09-21,4,2026-10-19,4290.0,3951.826934841834,2951.208247260012,5291.709298196976,0.8,vivo
2026-09-29,2026-09-29_20fb0a11,lgbm_conformal,tomate,bucaramanga_centroabastos,2026-09-21,4,2026-10-19,4091.0,3617.8700823253002,2701.810631011608,4844.523069954654,0.8,vivo
2026-09-29,2026-09-29_20fb0a11,lgbm_conformal,tomate,cucuta_cenabastos,2026-09-21,4,2026-10-19,4869.5,3894.399800997496,2908.3218977785414,5214.8112702358785,0.8,vivo
2026-09-29,2026-09-29_20fb0a11,lgbm_conformal,tomate,medellin_central_mayorista,2026-09-21,4,2026-10-19,3762.5,3449.396961470687,2575.9955910552426,4618.928479193988,0.8,vivo
2026-09-29,2026-09-29_20fb0a11,lgbm_conformal,yuca,bogota_corabastos,2026-09-21,4,2026-10-19,2500.0,2565.7237825163957,1916.0720628714976,3435.6424561113854,0.8,vivo
2026-09-29,2026-09-29_20fb0a11,lgbm_conformal,yuca,bucaramanga_centroabastos,2026-09-21,4,2026-10-19,3050.5,3013.1513495774916,2250.2091462341923,4034.7720880322768,0.8,vivo
2026-09-29,2026-09-29_20fb0a11,lgbm_conformal,yuca,cucuta_cenabastos,2026-09-21,4,2026-10-19,2766.5,2726.8507628805505,2036.4010350525193,3651.4001687444984,0.8,vivo
2026-09-29,2026-09-29_20fb0a11,lgbm_conformal,yuca,medellin_central_mayorista,2026-09-21,4,2026-10-19,2675.0,2615.1491163758637,1952.9827007396711,3501.8256425370596,0.8,vivo
2026-09-29,2026-09-29_20fb0a11,lgbm_conformal,zanahoria,bogota_corabastos,2026-09-21,4,2026-10-19,1885.5,1777.404065671212,1327.3581115293198,2380.0398590435498,0.8,vivo
2026-09-29,2026-09-29_20fb0a11,lgbm_conformal,zanahoria,bucaramanga_centroabastos,2026-09-21,4,2026-10-19,1371.0,1296.7601797989248,968.4152166684225,1736.4317856313708,0.8,vivo
2026-09-29,2026-09-29_20fb0a11,lgbm_conformal,zanahoria,cucuta_cenabastos,2026-09-21,4,2026-10-19,1158.5,1095.7658248266314,818.3134516297974,1467.2895092541899,0.8,vivo
2026-09-29,2026-09-29_20fb0a11,lgbm_conformal,zanahoria,medellin_central_mayorista,2026-09-21,4,2026-10-19,847.0,818.3193961822259,611.1175895921353,1095.773784902788,0.8,vivo
2026-09-29,2026-09-29_20fb0a11,naive,cebolla_cabezona_blanca,bogota_corabastos,2026-09-21,1,2026-09-28,1900.0,1900.0,,,,vivo
2026-09-29,2026-09-29_20fb0a11,naive,cebolla_cabezona_blanca,bogota_corabastos,2026-09-21,2,2026-10-05,1900.0,1900.0,,,,vivo
2026-09-29,2026-09-29_20fb0a11,naive,cebolla_cabezona_blanca,bogota_corabastos,2026-09-21,3,2026-10-12,1900.0,1900.0,,,,vivo
2026-09-29,2026-09-29_20fb0a11,naive,cebolla_cabezona_blanca,bogota_corabastos,2026-09-21,4,2026-10-19,1900.0,1900.0,,,,vivo
2026-09-29,2026-09-29_20fb0a11,naive,cebolla_cabezona_blanca,bucaramanga_centroabastos,2026-09-21,1,2026-09-28,1971.0,1971.0,,,,vivo
2026-09-29,2026-09-29_20fb0a11,naive,cebolla_cabezona_blanca,bucaramanga_centroabastos,2026-09-21,2,2026-10-05,1971.0,1971.0,,,,vivo
2026-09-29,2026-09-29_20fb0a11,naive,cebolla_cabezona_blanca,bucaramanga_centroabastos,2026-09-21,3,2026-10-12,1971.0,1971.0,,,,vivo
2026-09-29,2026-09-29_20fb0a11,naive,cebolla_cabezona_blanca,bucaramanga_centroabastos,2026-09-21,4,2026-10-19,1971.0,1971.0,,,,vivo
2026-09-29,2026-09-29_20fb0a11,naive,cebolla_cabezona_blanca,cucuta_cenabastos,2026-09-21,1,2026-09-28,2521.0,2521.0,,,,vivo
2026-09-29,2026-09-29_20fb0a11,naive,cebolla_cabezona_blanca,cucuta_cenabastos,2026-09-21,2,2026-10-05,2521.0,2521.0,,,,vivo
2026-09-29,2026-09-29_20fb0a11,naive,cebolla_cabezona_blanca,cucuta_cenabastos,2026-09-21,3,2026-10-12,2521.0,2521.0,,,,vivo
2026-09-29,2026-09-29_20fb0a11,naive,cebolla_cabezona_blanca,cucuta_cenabastos,2026-09-21,4,2026-10-19,2521.0,2521.0,,,,vivo
2026-09-29,2026-09-29_20fb0a11,naive,cebolla_cabezona_blanca,medellin_central_mayorista,2026-09-21,1,2026-09-28,2115.5,2115.5,,,,vivo
2026-09-29,2026-09-29_20fb0a11,naive,cebolla_cabezona_blanca,medellin_central_mayorista,2026-09-21,2,2026-10-05,2115.5,2115.5,,,,vivo
2026-09-29,2026-09-29_20fb0a11,naive,cebolla_cabezona_blanca,medellin_central_mayorista,2026-09-21,3,2026-10-12,2115.5,2115.5,,,,vivo
2026-09-29,2026-09-29_20fb0a11,naive,cebolla_cabezona_blanca,medellin_central_mayorista,2026-09-21,4,2026-10-19,2115.5,2115.5,,,,vivo
2026-09-29,2026-09-29_20fb0a11,naive,mango_tommy,bogota_corabastos,2026-09-21,1,2026-09-28,9544.0,9544.0,,,,vivo
2026-09-29,2026-09-29_20fb0a11,naive,mango_tommy,bogota_corabastos,2026-09-21,2,2026-10-05,9544.0,9544.0,,,,vivo
2026-09-29,2026-09-29_20fb0a11,naive,mango_tommy,bogota_corabastos,2026-09-21,3,2026-10-12,9544.0,9544.0,,,,vivo
2026-09-29,2026-09-29_20fb0a11,naive,mango_tommy,bogota_corabastos,2026-09-21,4,2026-10-19,9544.0,9544.0,,,,vivo
2026-09-29,2026-09-29_20fb0a11,naive,mango_tommy,bucaramanga_centroabastos,2026-09-21,1,2026-09-28,8450.0,8450.0,,,,vivo
2026-09-29,2026-09-29_20fb0a11,naive,mango_tommy,bucaramanga_centroabastos,2026-09-21,2,2026-10-05,8450.0,8450.0,,,,vivo
2026-09-29,2026-09-29_20fb0a11,naive,mango_tommy,bucaramanga_centroabastos,2026-09-21,3,2026-10-12,8450.0,8450.0,,,,vivo
2026-09-29,2026-09-29_20fb0a11,naive,mango_tommy,bucaramanga_centroabastos,2026-09-21,4,2026-10-19,8450.0,8450.0,,,,vivo
2026-09-29,2026-09-29_20fb0a11,naive,mango_tommy,medellin_central_mayorista,2026-09-21,1,2026-09-28,8812.5,8812.5,,,,vivo
2026-09-29,2026-09-29_20fb0a11,naive,mango_tommy,medellin_central_mayorista,2026-09-21,2,2026-10-05,8812.5,8812.5,,,,vivo
2026-09-29,2026-09-29_20fb0a11,naive,mango_tommy,medellin_central_mayorista,2026-09-21,3,2026-10-12,8812.5,8812.5,,,,vivo
2026-09-29,2026-09-29_20fb0a11,naive,mango_tommy,medellin_central_mayorista,2026-09-21,4,2026-10-19,8812.5,8812.5,,,,vivo
2026-09-29,2026-09-29_20fb0a11,naive,papa_criolla,bogota_corabastos,2026-09-21,1,2026-09-28,6889.0,6889.0,,,,vivo
2026-09-29,2026-09-29_20fb0a11,naive,papa_criolla,bogota_corabastos,2026-09-21,2,2026-10-05,6889.0,6889.0,,,,vivo
2026-09-29,2026-09-29_20fb0a11,naive,papa_criolla,bogota_corabastos,2026-09-21,3,2026-10-12,6889.0,6889.0,,,,vivo
2026-09-29,2026-09-29_20fb0a11,naive,papa_criolla,bogota_corabastos,2026-09-21,4,2026-10-19,6889.0,6889.0,,,,vivo
2026-09-29,2026-09-29_20fb0a11,naive,papa_criolla,bucaramanga_centroabastos,2026-09-21,1,2026-09-28,3950.0,3950.0,,,,vivo
2026-09-29,2026-09-29_20fb0a11,naive,papa_criolla,bucaramanga_centroabastos,2026-09-21,2,2026-10-05,3950.0,3950.0,,,,vivo
2026-09-29,2026-09-29_20fb0a11,naive,papa_criolla,bucaramanga_centroabastos,2026-09-21,3,2026-10-12,3950.0,3950.0,,,,vivo
2026-09-29,2026-09-29_20fb0a11,naive,papa_criolla,bucaramanga_centroabastos,2026-09-21,4,2026-10-19,3950.0,3950.0,,,,vivo
2026-09-29,2026-09-29_20fb0a11,naive,papa_criolla,cucuta_cenabastos,2026-09-21,1,2026-09-28,3941.5,3941.5,,,,vivo
2026-09-29,2026-09-29_20fb0a11,naive,papa_criolla,cucuta_cenabastos,2026-09-21,2,2026-10-05,3941.5,3941.5,,,,vivo
2026-09-29,2026-09-29_20fb0a11,naive,papa_criolla,cucuta_cenabastos,2026-09-21,3,2026-10-12,3941.5,3941.5,,,,vivo
2026-09-29,2026-09-29_20fb0a11,naive,papa_criolla,cucuta_cenabastos,2026-09-21,4,2026-10-19,3941.5,3941.5,,,,vivo
2026-09-29,2026-09-29_20fb0a11,naive,papa_criolla,medellin_central_mayorista,2026-09-21,1,2026-09-28,4575.0,4575.0,,,,vivo
2026-09-29,2026-09-29_20fb0a11,naive,papa_criolla,medellin_central_mayorista,2026-09-21,2,2026-10-05,4575.0,4575.0,,,,vivo
2026-09-29,2026-09-29_20fb0a11,naive,papa_criolla,medellin_central_mayorista,2026-09-21,3,2026-10-12,4575.0,4575.0,,,,vivo
2026-09-29,2026-09-29_20fb0a11,naive,papa_criolla,medellin_central_mayorista,2026-09-21,4,2026-10-19,4575.0,4575.0,,,,vivo
2026-09-29,2026-09-29_20fb0a11,naive,papa_negra,bogota_corabastos,2026-09-21,1,2026-09-28,2500.0,2500.0,,,,vivo
2026-09-29,2026-09-29_20fb0a11,naive,papa_negra,bogota_corabastos,2026-09-21,2,2026-10-05,2500.0,2500.0,,,,vivo
2026-09-29,2026-09-29_20fb0a11,naive,papa_negra,bogota_corabastos,2026-09-21,3,2026-10-12,2500.0,2500.0,,,,vivo
2026-09-29,2026-09-29_20fb0a11,naive,papa_negra,bogota_corabastos,2026-09-21,4,2026-10-19,2500.0,2500.0,,,,vivo
2026-09-29,2026-09-29_20fb0a11,naive,papa_negra,bucaramanga_centroabastos,2026-09-21,1,2026-09-28,2400.0,2400.0,,,,vivo
2026-09-29,2026-09-29_20fb0a11,naive,papa_negra,bucaramanga_centroabastos,2026-09-21,2,2026-10-05,2400.0,2400.0,,,,vivo
2026-09-29,2026-09-29_20fb0a11,naive,papa_negra,bucaramanga_centroabastos,2026-09-21,3,2026-10-12,2400.0,2400.0,,,,vivo
2026-09-29,2026-09-29_20fb0a11,naive,papa_negra,bucaramanga_centroabastos,2026-09-21,4,2026-10-19,2400.0,2400.0,,,,vivo
2026-09-29,2026-09-29_20fb0a11,naive,papa_negra,medellin_central_mayorista,2026-09-21,1,2026-09-28,2612.5,2612.5,,,,vivo
2026-09-29,2026-09-29_20fb0a11,naive,papa_negra,medellin_central_mayorista,2026-09-21,2,2026-10-05,2612.5,2612.5,,,,vivo
2026-09-29,2026-09-29_20fb0a11,naive,papa_negra,medellin_central_mayorista,2026-09-21,3,2026-10-12,2612.5,2612.5,,,,vivo
2026-09-29,2026-09-29_20fb0a11,naive,papa_negra,medellin_central_mayorista,2026-09-21,4,2026-10-19,2612.5,2612.5,,,,vivo
2026-09-29,2026-09-29_20fb0a11,naive,platano_harton_verde,bogota_corabastos,2026-09-21,1,2026-09-28,3719.0,3719.0,,,,vivo
2026-09-29,2026-09-29_20fb0a11,naive,platano_harton_verde,bogota_corabastos,2026-09-21,2,2026-10-05,3719.0,3719.0,,,,vivo
2026-09-29,2026-09-29_20fb0a11,naive,platano_harton_verde,bogota_corabastos,2026-09-21,3,2026-10-12,3719.0,3719.0,,,,vivo
2026-09-29,2026-09-29_20fb0a11,naive,platano_harton_verde,bogota_corabastos,2026-09-21,4,2026-10-19,3719.0,3719.0,,,,vivo
2026-09-29,2026-09-29_20fb0a11,naive,platano_harton_verde,bucaramanga_centroabastos,2026-09-21,1,2026-09-28,4250.0,4250.0,,,,vivo
2026-09-29,2026-09-29_20fb0a11,naive,platano_harton_verde,bucaramanga_centroabastos,2026-09-21,2,2026-10-05,4250.0,4250.0,,,,vivo
2026-09-29,2026-09-29_20fb0a11,naive,platano_harton_verde,bucaramanga_centroabastos,2026-09-21,3,2026-10-12,4250.0,4250.0,,,,vivo
2026-09-29,2026-09-29_20fb0a11,naive,platano_harton_verde,bucaramanga_centroabastos,2026-09-21,4,2026-10-19,4250.0,4250.0,,,,vivo
2026-09-29,2026-09-29_20fb0a11,naive,platano_harton_verde,cucuta_cenabastos,2026-09-21,1,2026-09-28,3658.5,3658.5,,,,vivo
2026-09-29,2026-09-29_20fb0a11,naive,platano_harton_verde,cucuta_cenabastos,2026-09-21,2,2026-10-05,3658.5,3658.5,,,,vivo
2026-09-29,2026-09-29_20fb0a11,naive,platano_harton_verde,cucuta_cenabastos,2026-09-21,3,2026-10-12,3658.5,3658.5,,,,vivo
2026-09-29,2026-09-29_20fb0a11,naive,platano_harton_verde,cucuta_cenabastos,2026-09-21,4,2026-10-19,3658.5,3658.5,,,,vivo
2026-09-29,2026-09-29_20fb0a11,naive,platano_harton_verde,medellin_central_mayorista,2026-09-21,1,2026-09-28,1537.5,1537.5,,,,vivo
2026-09-29,2026-09-29_20fb0a11,naive,platano_harton_verde,medellin_central_mayorista,2026-09-21,2,2026-10-05,1537.5,1537.5,,,,vivo
2026-09-29,2026-09-29_20fb0a11,naive,platano_harton_verde,medellin_central_mayorista,2026-09-21,3,2026-10-12,1537.5,1537.5,,,,vivo
2026-09-29,2026-09-29_20fb0a11,naive,platano_harton_verde,medellin_central_mayorista,2026-09-21,4,2026-10-19,1537.5,1537.5,,,,vivo
2026-09-29,2026-09-29_20fb0a11,naive,tomate,bogota_corabastos,2026-09-21,1,2026-09-28,4290.0,4290.0,,,,vivo
2026-09-29,2026-09-29_20fb0a11,naive,tomate,bogota_corabastos,2026-09-21,2,2026-10-05,4290.0,4290.0,,,,vivo
2026-09-29,2026-09-29_20fb0a11,naive,tomate,bogota_corabastos,2026-09-21,3,2026-10-12,4290.0,4290.0,,,,vivo
2026-09-29,2026-09-29_20fb0a11,naive,tomate,bogota_corabastos,2026-09-21,4,2026-10-19,4290.0,4290.0,,,,vivo
2026-09-29,2026-09-29_20fb0a11,naive,tomate,bucaramanga_centroabastos,2026-09-21,1,2026-09-28,4091.0,4091.0,,,,vivo
2026-09-29,2026-09-29_20fb0a11,naive,tomate,bucaramanga_centroabastos,2026-09-21,2,2026-10-05,4091.0,4091.0,,,,vivo
2026-09-29,2026-09-29_20fb0a11,naive,tomate,bucaramanga_centroabastos,2026-09-21,3,2026-10-12,4091.0,4091.0,,,,vivo
2026-09-29,2026-09-29_20fb0a11,naive,tomate,bucaramanga_centroabastos,2026-09-21,4,2026-10-19,4091.0,4091.0,,,,vivo
2026-09-29,2026-09-29_20fb0a11,naive,tomate,cucuta_cenabastos,2026-09-21,1,2026-09-28,4869.5,4869.5,,,,vivo
2026-09-29,2026-09-29_20fb0a11,naive,tomate,cucuta_cenabastos,2026-09-21,2,2026-10-05,4869.5,4869.5,,,,vivo
2026-09-29,2026-09-29_20fb0a11,naive,tomate,cucuta_cenabastos,2026-09-21,3,2026-10-12,4869.5,4869.5,,,,vivo
2026-09-29,2026-09-29_20fb0a11,naive,tomate,cucuta_cenabastos,2026-09-21,4,2026-10-19,4869.5,4869.5,,,,vivo
2026-09-29,2026-09-29_20fb0a11,naive,tomate,medellin_central_mayorista,2026-09-21,1,2026-09-28,3762.5,3762.5,,,,vivo
2026-09-29,2026-09-29_20fb0a11,naive,tomate,medellin_central_mayorista,2026-09-21,2,2026-10-05,3762.5,3762.5,,,,vivo
2026-09-29,2026-09-29_20fb0a11,naive,tomate,medellin_central_mayorista,2026-09-21,3,2026-10-12,3762.5,3762.5,,,,vivo
2026-09-29,2026-09-29_20fb0a11,naive,tomate,medellin_central_mayorista,2026-09-21,4,2026-10-19,3762.5,3762.5,,,,vivo
2026-09-29,2026-09-29_20fb0a11,naive,yuca,bogota_corabastos,2026-09-21,1,2026-09-28,2500.0,2500.0,,,,vivo
2026-09-29,2026-09-29_20fb0a11,naive,yuca,bogota_corabastos,2026-09-21,2,2026-10-05,2500.0,2500.0,,,,vivo
2026-09-29,2026-09-29_20fb0a11,naive,yuca,bogota_corabastos,2026-09-21,3,2026-10-12,2500.0,2500.0,,,,vivo
2026-09-29,2026-09-29_20fb0a11,naive,yuca,bogota_corabastos,2026-09-21,4,2026-10-19,2500.0,2500.0,,,,vivo
2026-09-29,2026-09-29_20fb0a11,naive,yuca,bucaramanga_centroabastos,2026-09-21,1,2026-09-28,3050.5,3050.5,,,,vivo
2026-09-29,2026-09-29_20fb0a11,naive,yuca,bucaramanga_centroabastos,2026-09-21,2,2026-10-05,3050.5,3050.5,,,,vivo
2026-09-29,2026-09-29_20fb0a11,naive,yuca,bucaramanga_centroabastos,2026-09-21,3,2026-10-12,3050.5,3050.5,,,,vivo
2026-09-29,2026-09-29_20fb0a11,naive,yuca,bucaramanga_centroabastos,2026-09-21,4,2026-10-19,3050.5,3050.5,,,,vivo
2026-09-29,2026-09-29_20fb0a11,naive,yuca,cucuta_cenabastos,2026-09-21,1,2026-09-28,2766.5,2766.5,,,,vivo
2026-09-29,2026-09-29_20fb0a11,naive,yuca,cucuta_cenabastos,2026-09-21,2,2026-10-05,2766.5,2766.5,,,,vivo
2026-09-29,2026-09-29_20fb0a11,naive,yuca,cucuta_cenabastos,2026-09-21,3,2026-10-12,2766.5,2766.5,,,,vivo
2026-09-29,2026-09-29_20fb0a11,naive,yuca,cucuta_cenabastos,2026-09-21,4,2026-10-19,2766.5,2766.5,,,,vivo
2026-09-29,2026-09-29_20fb0a11,naive,yuca,medellin_central_mayorista,2026-09-21,1,2026-09-28,2675.0,2675.0,,,,vivo
2026-09-29,2026-09-29_20fb0a11,naive,yuca,medellin_central_mayorista,2026-09-21,2,2026-10-05,2675.0,2675.0,,,,vivo
2026-09-29,2026-09-29_20fb0a11,naive,yuca,medellin_central_mayorista,2026-09-21,3,2026-10-12,2675.0,2675.0,,,,vivo
2026-09-29,2026-09-29_20fb0a11,naive,yuca,medellin_central_mayorista,2026-09-21,4,2026-10-19,2675.0,2675.0,,,,vivo
2026-09-29,2026-09-29_20fb0a11,naive,zanahoria,bogota_corabastos,2026-09-21,1,2026-09-28,1885.5,1885.5,,,,vivo
2026-09-29,2026-09-29_20fb0a11,naive,zanahoria,bogota_corabastos,2026-09-21,2,2026-10-05,1885.5,1885.5,,,,vivo
2026-09-29,2026-09-29_20fb0a11,naive,zanahoria,bogota_corabastos,2026-09-21,3,2026-10-12,1885.5,1885.5,,,,vivo
2026-09-29,2026-09-29_20fb0a11,naive,zanahoria,bogota_corabastos,2026-09-21,4,2026-10-19,1885.5,1885.5,,,,vivo
2026-09-29,2026-09-29_20fb0a11,naive,zanahoria,bucaramanga_centroabastos,2026-09-21,1,2026-09-28,1371.0,1371.0,,,,vivo
2026-09-29,2026-09-29_20fb0a11,naive,zanahoria,bucaramanga_centroabastos,2026-09-21,2,2026-10-05,1371.0,1371.0,,,,vivo
2026-09-29,2026-09-29_20fb0a11,naive,zanahoria,bucaramanga_centroabastos,2026-09-21,3,2026-10-12,1371.0,1371.0,,,,vivo
2026-09-29,2026-09-29_20fb0a11,naive,zanahoria,bucaramanga_centroabastos,2026-09-21,4,2026-10-19,1371.0,1371.0,,,,vivo
2026-09-29,2026-09-29_20fb0a11,naive,zanahoria,cucuta_cenabastos,2026-09-21,1,2026-09-28,1158.5,1158.5,,,,vivo
2026-09-29,2026-09-29_20fb0a11,naive,zanahoria,cucuta_cenabastos,2026-09-21,2,2026-10-05,1158.5,1158.5,,,,vivo
2026-09-29,2026-09-29_20fb0a11,naive,zanahoria,cucuta_cenabastos,2026-09-21,3,2026-10-12,1158.5,1158.5,,,,vivo
2026-09-29,2026-09-29_20fb0a11,naive,zanahoria,cucuta_cenabastos,2026-09-21,4,2026-10-19,1158.5,1158.5,,,,vivo
2026-09-29,2026-09-29_20fb0a11,naive,zanahoria,medellin_central_mayorista,2026-09-21,1,2026-09-28,847.0,847.0,,,,vivo
2026-09-29,2026-09-29_20fb0a11,naive,zanahoria,medellin_central_mayorista,2026-09-21,2,2026-10-05,847.0,847.0,,,,vivo
2026-09-29,2026-09-29_20fb0a11,naive,zanahoria,medellin_central_mayorista,2026-09-21,3,2026-10-12,847.0,847.0,,,,vivo
2026-09-29,2026-09-29_20fb0a11,naive,zanahoria,medellin_central_mayorista,2026-09-21,4,2026-10-19,847.0,847.0,,,,vivo
