modelo,h,n,mae,rmse,smape,mase,cobertura_pct,amplitud_pct
auto_arima,1,1824,271.35124417618914,432.04210747784225,10.00693916619559,1.1769805489838139,,
auto_arima,2,1826,371.0319882375618,548.182777120232,13.594292454033061,1.602829500994483,,
auto_arima,3,1825,472.4170620025664,695.4231821703451,16.965363814243606,2.0316002618996514,,
auto_arima,4,1824,542.0064068540611,806.7586824242002,19.305190312569415,2.3206744168229405,,
ets,1,1824,278.096166200062,445.26095613988275,10.173084696679625,1.1904754321751416,,
ets,2,1826,392.5328093152712,589.1259071289303,14.100128134198359,1.6541251422055303,,
ets,3,1825,495.57664528598673,743.43431570196,17.518761423988643,2.0849514596700507,,
ets,4,1824,567.4416997191962,862.3477099722606,19.802617510968677,2.381858625704827,,
lgbm_conformal,1,1820,278.30355529258264,436.8693709148163,10.17444704138269,1.2273273816525458,81.20879120879121,33.28794976062894
lgbm_conformal,2,1823,376.2525612783717,554.7853289545595,13.759645718783107,1.6737493189555708,81.23971475589687,46.88749375343156
lgbm_conformal,3,1822,473.4068281573474,677.8226016350355,17.181484022189267,2.1455176355146857,79.30845225027441,55.955171677079974
lgbm_conformal,4,1821,536.5569365043907,753.5153134201921,19.44823602441035,2.433017958524406,78.6381109280615,63.80401820340174
lgbm_cuantil,1,1820,265.0136414522273,424.2639106176512,9.772221917916063,1.154191663561006,74.23076923076923,26.633624808315837
lgbm_cuantil,2,1823,362.0736826183682,542.1307606648929,13.19863018752317,1.562438506201636,70.9818979703785,36.10919161060359
lgbm_cuantil,3,1822,455.5647126633096,662.0957832704289,16.479041474973002,1.9915554219755869,67.72777167947311,42.447430466246935
lgbm_cuantil,4,1821,510.7565781201746,721.5375540539422,18.677488261210392,2.2727854272100436,64.68973091707852,45.977880935424956
naive,1,1824,278.67571271929825,459.1906043267585,10.106000136069907,1.1790098274565886,,
naive,2,1826,397.5999452354874,601.7421332094987,14.281692028599968,1.655638901658755,,
naive,3,1825,497.8002739726027,755.1919511956446,17.719621300703935,2.0807338890657636,,
naive,4,1824,562.6038925438596,865.80278852227,19.771071588604478,2.347833516917993,,
naive_deriva,1,1824,279.09787965560884,459.48397007126414,10.125426523691623,1.1820279051438751,,
naive_deriva,2,1826,398.9984680162634,604.0889981140302,14.314543789688946,1.6633201243739473,,
naive_deriva,3,1825,501.2708794440627,759.5104081992572,17.781730824736027,2.096842925191794,,
naive_deriva,4,1824,567.7407839898914,873.9271073251731,19.864891304855085,2.370784836656298,,
naive_estacional,1,1824,1035.633004385965,1348.1654061078252,39.65527851686764,5.35885456127431,,
naive_estacional,2,1826,1005.43713033954,1306.2672097390032,38.65030048930891,5.192536172645218,,
naive_estacional,3,1825,1003.0999178082192,1301.3912691018486,38.26742508998822,5.19469130189582,,
naive_estacional,4,1824,1015.1829769736842,1320.2581483139647,39.017750233591094,5.276958385268891,,
promedio_movil_4,1,1824,391.69993832236844,622.3287070297786,13.719872312746398,1.6172315060868827,,
promedio_movil_4,2,1826,461.52377464403065,729.9416489544706,16.135922405754727,1.9121840768868783,,
promedio_movil_4,3,1825,560.8456369863013,879.5184316597324,19.51235916557699,2.3264894265804896,,
promedio_movil_4,4,1824,621.0721285635965,979.9403830330784,21.67911775391291,2.5805066314621086,,
promedio_movil_8,1,1824,523.9272820723685,824.3308479490742,18.251262851054413,2.1687372375865137,,
promedio_movil_8,2,1826,575.7550041073384,907.500995411771,20.00870622335402,2.394823766923535,,
promedio_movil_8,3,1825,665.758910958904,1036.8464566710245,23.050272589661702,2.766267306433418,,
promedio_movil_8,4,1824,718.7836828399123,1119.7234552531854,25.089615798781857,2.9994191988131162,,
