producto_id,plaza_id,n_semanas,span_semanas,pct_faltantes,inicio,fin,precio_kg_mediano,cv_pct,n_outliers,apta,motivo_exclusion
cebolla_cabezona_blanca,bogota_corabastos,348,348,0.0,2020-01-27,2026-09-21,1644.0,47.2,0,True,
cebolla_cabezona_blanca,bucaramanga_centroabastos,347,348,0.29,2020-01-27,2026-09-21,1675.0,44.0,4,True,
cebolla_cabezona_blanca,cucuta_cenabastos,347,348,0.29,2020-01-27,2026-09-21,1741.5,46.2,1,True,
cebolla_cabezona_blanca,medellin_central_mayorista,348,348,0.0,2020-01-27,2026-09-21,1904.2,43.2,1,True,
mango_tommy,bogota_corabastos,319,348,8.33,2020-01-27,2026-09-21,4027.5,53.0,1,True,
mango_tommy,bucaramanga_centroabastos,347,348,0.29,2020-01-27,2026-09-21,3200.0,55.2,0,True,
mango_tommy,cucuta_cenabastos,287,345,16.81,2020-01-27,2026-08-31,2950.0,39.8,1,False,faltantes 16.8% > 10%
mango_tommy,medellin_central_mayorista,348,348,0.0,2020-01-27,2026-09-21,3218.8,57.0,1,True,
papa_criolla,bogota_corabastos,348,348,0.0,2020-01-27,2026-09-21,3666.8,36.1,3,True,
papa_criolla,bucaramanga_centroabastos,346,348,0.57,2020-01-27,2026-09-21,2687.5,39.2,2,True,
papa_criolla,cucuta_cenabastos,347,348,0.29,2020-01-27,2026-09-21,2600.0,36.8,4,True,
papa_criolla,medellin_central_mayorista,348,348,0.0,2020-01-27,2026-09-21,2578.2,39.4,0,True,
papa_negra,bogota_corabastos,348,348,0.0,2020-01-27,2026-09-21,1640.5,40.0,0,True,
papa_negra,bucaramanga_centroabastos,347,348,0.29,2020-01-27,2026-09-21,1532.5,43.6,4,True,
papa_negra,medellin_central_mayorista,348,348,0.0,2020-01-27,2026-09-21,2031.2,37.2,3,True,
platano_harton_verde,bogota_corabastos,348,348,0.0,2020-01-27,2026-09-21,2696.8,34.1,2,True,
platano_harton_verde,bucaramanga_centroabastos,347,348,0.29,2020-01-27,2026-09-21,2900.0,36.6,8,True,
platano_harton_verde,cucuta_cenabastos,347,348,0.29,2020-01-27,2026-09-21,2800.0,36.8,5,True,
platano_harton_verde,medellin_central_mayorista,348,348,0.0,2020-01-27,2026-09-21,1950.0,32.2,7,True,
tomate,bogota_corabastos,348,348,0.0,2020-01-27,2026-09-21,2403.8,37.5,1,True,
tomate,bucaramanga_centroabastos,347,348,0.29,2020-01-27,2026-09-21,2227.5,42.6,5,True,
tomate,cucuta_cenabastos,347,348,0.29,2020-01-27,2026-09-21,2296.0,41.6,1,True,
tomate,medellin_central_mayorista,348,348,0.0,2020-01-27,2026-09-21,2558.5,39.0,6,True,
yuca,bogota_corabastos,348,348,0.0,2020-01-27,2026-09-21,2007.0,42.0,11,True,
yuca,bucaramanga_centroabastos,347,348,0.29,2020-01-27,2026-09-21,1926.0,40.9,24,True,
yuca,cucuta_cenabastos,347,348,0.29,2020-01-27,2026-09-21,2166.5,35.2,4,True,
yuca,medellin_central_mayorista,347,348,0.29,2020-01-27,2026-09-21,1760.0,41.5,5,True,
zanahoria,bogota_corabastos,348,348,0.0,2020-01-27,2026-09-21,2020.8,33.2,1,True,
zanahoria,bucaramanga_centroabastos,347,348,0.29,2020-01-27,2026-09-21,1667.0,31.9,6,True,
zanahoria,cucuta_cenabastos,347,348,0.29,2020-01-27,2026-09-21,1512.5,40.9,2,True,
zanahoria,medellin_central_mayorista,348,348,0.0,2020-01-27,2026-09-21,1019.2,44.6,0,True,
