semana,mov_mediano,n_series,es_choque,umbral,mov_mediano_pct,episodio
2020-01-27,,0,False,0.105351713071481,,
2020-02-03,0.037802204598126554,30,False,0.105351713071481,3.852579693466435,
2020-02-10,0.03953027568174328,30,False,0.105351713071481,4.03219948658015,
2020-02-17,0.09651898709835072,30,False,0.105351713071481,10.13304920156438,
2020-02-24,0.08629753119594374,30,False,0.105351713071481,9.013062792757122,
2020-03-02,0.054821907427539784,30,False,0.105351713071481,5.635246939365393,
2020-03-09,0.06294838248523638,30,False,0.105351713071481,6.497186661149501,
2020-03-16,0.34747846795190007,30,True,0.105351713071481,41.54938318052776,Inicio de la pandemia y cuarentena
2020-03-23,0.1764632152168697,30,True,0.105351713071481,19.2990542054092,Inicio de la pandemia y cuarentena
2020-03-30,0.1027219871074041,30,False,0.105351713071481,10.818327700728082,Inicio de la pandemia y cuarentena
2020-04-06,0.14260888225142798,30,True,0.105351713071481,15.327864569682703,Inicio de la pandemia y cuarentena
2020-04-13,0.10543649324589888,30,True,0.105351713071481,11.119553386049178,Inicio de la pandemia y cuarentena
2020-04-20,0.06636417371708525,30,False,0.105351713071481,6.86158081043199,Inicio de la pandemia y cuarentena
2020-04-27,0.07696104113612812,30,False,0.105351713071481,7.999999999999978,Inicio de la pandemia y cuarentena
2020-05-04,0.08943563204368399,30,False,0.105351713071481,9.355694102146238,Inicio de la pandemia y cuarentena
2020-05-11,0.09170023217986678,30,False,0.105351713071481,9.603621644318963,Inicio de la pandemia y cuarentena
2020-05-18,0.05717604985370839,30,False,0.105351713071481,5.884220300276196,Inicio de la pandemia y cuarentena
2020-05-25,0.042064348249886585,30,False,0.105351713071481,4.29615893444887,Inicio de la pandemia y cuarentena
2020-06-01,0.07714570793851516,30,False,0.105351713071481,8.019945856269846,
2020-06-08,0.07481319192510494,30,False,0.105351713071481,7.768281222787383,
2020-06-15,0.060187313111104146,30,False,0.105351713071481,6.2035461081445815,
2020-06-22,0.06633556690209064,30,False,0.105351713071481,6.858523884684377,
2020-06-29,0.06259147786459796,30,False,0.105351713071481,6.459184105192452,
2020-07-06,0.06778140838766644,30,False,0.105351713071481,7.013136117059927,
2020-07-13,0.04154814375519322,30,False,0.105351713071481,4.242334681783428,
2020-07-20,0.07044104386245253,30,False,0.105351713071481,7.298130873230459,
2020-07-27,0.053980964522998054,30,False,0.105351713071481,5.546451069343569,
2020-08-03,0.0555046977579563,30,False,0.105351713071481,5.70739829384724,
2020-08-10,0.0411956547630119,30,False,0.105351713071481,4.205596881504301,
2020-08-17,0.04442580215405556,30,False,0.105351713071481,4.542740537110817,
2020-08-24,0.05885153974556623,30,False,0.105351713071481,6.061776946742352,
2020-08-31,0.1052951929552024,30,False,0.105351713071481,11.103853270095264,
2020-09-07,0.04600370747115923,30,False,0.105351713071481,4.707829296231358,
2020-09-14,0.04426043310228511,30,False,0.105351713071481,4.525453832621071,
2020-09-21,0.06899287148695166,30,False,0.105351713071481,7.1428571428571646,
2020-09-28,0.062234564525006864,30,False,0.105351713071481,6.4211941822217495,
2020-10-05,0.04475412859410888,30,False,0.105351713071481,4.57707031832382,
2020-10-12,0.09385009839774838,30,False,0.105351713071481,9.839508239306301,
2020-10-19,0.041616163049177146,30,False,0.105351713071481,4.24942541294225,
2020-10-26,0.08272795439957692,30,False,0.105351713071481,8.624625983273342,
2020-11-02,0.09120244332762928,30,False,0.105351713071481,9.549075760592334,
2020-11-09,0.08009061730699685,30,False,0.105351713071481,8.338523667957402,
2020-11-16,0.0682170761412424,30,False,0.105351713071481,7.0597684470387945,
2020-11-23,0.0869351019571063,30,False,0.105351713071481,9.082588495601042,
2020-11-30,0.07566263176186849,30,False,0.105351713071481,7.859862785004479,
2020-12-07,0.08290731615966696,30,False,0.105351713071481,8.644110834745215,
2020-12-14,0.06381972545987935,30,False,0.105351713071481,6.590022676697181,
2020-12-21,0.11286761378893262,30,True,0.105351713071481,11.94837189301555,
2020-12-28,0.11630832664409763,15,True,0.105351713071481,12.334217506631221,
2021-01-04,0.09634217191475081,30,False,0.105351713071481,10.113577727726225,
2021-01-11,0.10033664165426881,30,False,0.105351713071481,10.554302727197191,
2021-01-18,0.06089883550054287,30,False,0.105351713071481,6.279139198937435,
2021-01-25,0.09258825464415255,30,False,0.105351713071481,9.700995351126789,
2021-02-01,0.1766844514102166,30,True,0.105351713071481,19.32545039381995,
2021-02-08,0.07932162448873115,30,False,0.105351713071481,8.255244146096288,
2021-02-15,0.07836465955616534,30,False,0.105351713071481,8.151697226969564,
2021-02-22,0.04753545836671913,30,False,0.105351713071481,4.868338506208019,
2021-03-01,0.09414471791810275,30,False,0.105351713071481,9.87187387007892,
2021-03-08,0.11240203053570985,30,True,0.105351713071481,11.896262737353016,
2021-03-15,0.06988662245360411,30,False,0.105351713071481,7.2386589801136925,
2021-03-22,0.037469435081321834,30,False,0.105351713071481,3.8180264701514837,
2021-03-29,0.04416251569718943,30,False,0.105351713071481,4.515219472484504,
2021-04-05,0.10886450599502018,30,True,0.105351713071481,11.501126276435894,
2021-04-12,0.10676544252447373,30,True,0.105351713071481,11.267323804304311,
2021-04-19,0.07341971935007852,29,False,0.105351713071481,7.6182136602451,
2021-04-26,0.05317476248725583,29,False,0.105351713071481,5.461393596986792,
2021-05-03,0.4931208669163052,29,True,0.105351713071481,63.74184191443069,Paro nacional y bloqueos de vías
2021-05-10,0.2868327225778229,30,True,0.105351713071481,33.22013476287311,Paro nacional y bloqueos de vías
2021-05-17,0.20029569678991566,30,True,0.105351713071481,22.176397643786256,Paro nacional y bloqueos de vías
2021-05-24,0.18024733078941013,30,True,0.105351713071481,19.751350845874693,Paro nacional y bloqueos de vías
2021-05-31,0.07027306071511363,30,False,0.105351713071481,7.280108109305476,Paro nacional y bloqueos de vías
2021-06-07,0.11790719710493924,30,True,0.105351713071481,12.513969030152092,Paro nacional y bloqueos de vías
2021-06-14,0.12406347431685116,30,True,0.105351713071481,13.208772721373943,Paro nacional y bloqueos de vías
2021-06-21,0.03398934087327721,30,False,0.105351713071481,3.4573579018462306,Paro nacional y bloqueos de vías
2021-06-28,0.08625472337591722,30,False,0.105351713071481,9.008396281066858,Paro nacional y bloqueos de vías
2021-07-05,0.07451225016567609,30,False,0.105351713071481,7.735854126204056,
2021-07-12,0.0584559401685012,30,False,0.105351713071481,6.019827250827526,
2021-07-19,0.08443828305117451,30,False,0.105351713071481,8.810568759663596,
2021-07-26,0.06419696022364274,30,False,0.105351713071481,6.630239723878377,
2021-08-02,0.10127315860081865,30,False,0.105351713071481,10.657887201952366,
2021-08-09,0.08090453614151105,30,False,0.105351713071481,8.426738327790854,
2021-08-16,0.0510682897931809,30,False,0.105351713071481,5.239475864975334,
2021-08-23,0.04687095439968125,29,False,0.105351713071481,4.798676227247706,
2021-08-30,0.06210002782944768,30,False,0.105351713071481,6.406877589494145,
2021-09-06,0.06676782463750275,30,False,0.105351713071481,6.904724292750769,
2021-09-13,0.06293645901105549,29,False,0.105351713071481,6.49591685226429,
2021-09-20,0.05833557701296321,29,False,0.105351713071481,6.007067137809164,
2021-09-27,0.04604393850140642,29,False,0.105351713071481,4.712041884816714,
2021-10-04,0.036923354104597905,29,False,0.105351713071481,3.761348897535678,
2021-10-11,0.08489245734863138,30,False,0.105351713071481,8.85999894739661,
2021-10-18,0.06967194569263446,30,False,0.105351713071481,7.2156398030827,
2021-10-25,0.047787951846422594,30,False,0.105351713071481,4.894820421022892,
2021-11-01,0.12901300054672493,30,True,0.105351713071481,13.770491485549261,
2021-11-08,0.07868805413706692,30,False,0.105351713071481,8.186678555849298,
2021-11-15,0.09311588485107691,30,False,0.105351713071481,9.758892182719155,
2021-11-22,0.04428430711218789,30,False,0.105351713071481,4.527949304129302,
2021-11-29,0.09066464374199912,30,False,0.105351713071481,9.49017615255414,
2021-12-06,0.11968857807273192,30,True,0.105351713071481,12.714577900555426,
2021-12-13,0.09202951138048121,30,False,0.105351713071481,9.639717779765618,
2021-12-20,0.07021989106048832,30,False,0.105351713071481,7.274404214647537,
2021-12-27,0.09781703942817854,30,False,0.105351713071481,10.276100486612364,
2022-01-03,0.10282911848659504,30,False,0.105351713071481,10.830200456975316,
2022-01-10,0.06298184942230733,30,False,0.105351713071481,6.500750855434724,
2022-01-17,0.09531017980432477,29,False,0.105351713071481,9.99999999999999,
2022-01-24,0.07122234129125671,30,False,0.105351713071481,7.38199538429455,
2022-01-31,0.08890803194807173,29,False,0.105351713071481,9.298013245033077,
2022-02-07,0.11647499099636782,29,True,0.105351713071481,12.352941176470559,
2022-02-14,0.07663179752193283,29,False,0.105351713071481,7.964447542697815,
2022-02-21,0.060085120632403566,30,False,0.105351713071481,6.192693459059999,
2022-02-28,0.06665036935984103,30,False,0.105351713071481,6.892168506061755,
2022-03-07,0.09363560503399349,29,False,0.105351713071481,9.81595092024549,
2022-03-14,0.04512382920093927,29,False,0.105351713071481,4.615739672282422,
2022-03-21,0.059796160737277226,29,False,0.105351713071481,6.162012462497143,
2022-03-28,0.04879016416943216,29,False,0.105351713071481,5.000000000000017,
2022-04-04,0.04879016416943216,29,False,0.105351713071481,5.000000000000017,
2022-04-11,0.1268598195913544,29,True,0.105351713071481,13.52578657152121,
2022-04-18,0.08594242980072586,29,False,0.105351713071481,8.974358974359099,
2022-04-25,0.14903557916048715,29,True,0.105351713071481,16.071428571428488,
2022-05-02,0.14435495887010408,29,True,0.105351713071481,15.52941176470592,
2022-05-09,0.16355985852908184,30,True,0.105351713071481,17.769584821877668,
2022-05-16,0.0959639882617438,29,False,0.105351713071481,10.071942446043176,
2022-05-23,0.10298027448087144,30,False,0.105351713071481,10.84695437231671,
2022-05-30,0.0925550877135306,30,False,0.105351713071481,9.697356966162186,
2022-06-06,0.05771109373275607,29,False,0.105351713071481,5.940888162780212,
2022-06-13,0.07619444545909904,30,False,0.105351713071481,7.917239392895642,
2022-06-20,0.0843284035832279,30,False,0.105351713071481,8.79861336909932,
2022-06-27,0.05609234405438901,30,False,0.105351713071481,5.7695351104070856,
2022-07-04,0.071422177772555,29,False,0.105351713071481,7.40345636867932,
2022-07-11,0.09431067947124117,29,False,0.105351713071481,9.890109890109871,
2022-07-18,0.03243527575315408,29,False,0.105351713071481,3.2967032967033196,
2022-07-25,0.025776053192817727,30,False,0.105351713071481,2.6111128429644075,
2022-08-01,0.07216036520424307,30,False,0.105351713071481,7.482769520674908,
2022-08-08,0.03319977506783944,30,False,0.105351713071481,3.375703749631257,
2022-08-15,0.0495176317410424,30,False,0.105351713071481,5.076411885233567,
2022-08-22,0.0676632381230533,30,False,0.105351713071481,7.0004910935954925,
2022-08-29,0.04740468791059893,30,False,0.105351713071481,4.8546257223820355,
2022-09-05,0.09275618167326982,30,False,0.105351713071481,9.7194186602098,
2022-09-12,0.0669216215904096,30,False,0.105351713071481,6.921167177998752,
2022-09-19,0.04809689753327184,30,False,0.105351713071481,4.927232229851261,
2022-09-26,0.03658838474781145,30,False,0.105351713071481,3.72659784582983,
2022-10-03,0.05187101606625699,30,False,0.105351713071481,5.323988272843903,
2022-10-10,0.021131932274032206,30,False,0.105351713071481,2.1356792673243206,
2022-10-17,0.06268522776634855,30,False,0.105351713071481,6.469165111094613,
2022-10-24,0.0321322943985729,30,False,0.105351713071481,3.2654110623358727,
2022-10-31,0.04055243879221848,30,False,0.105351713071481,4.1385917290463015,
2022-11-07,0.07065000213318262,30,False,0.105351713071481,7.320554047782599,
2022-11-14,0.046473444390347396,30,False,0.105351713071481,4.757025983225327,
2022-11-21,0.06575661423414259,30,False,0.105351713071481,6.796675762483578,
2022-11-28,0.03823629286199415,30,False,0.105351713071481,3.897670665506575,
2022-12-05,0.08451881104556236,30,False,0.105351713071481,8.819331409348578,
2022-12-12,0.07114693333035538,30,False,0.105351713071481,7.3738982322838025,
2022-12-19,0.044071320152191173,30,False,0.105351713071481,4.505688584677957,
2022-12-26,0.04583196830530856,30,False,0.105351713071481,4.689848405025811,
2023-01-02,0.042096196125362084,30,False,0.105351713071481,4.299480598424877,
2023-01-09,0.03388709047796912,30,False,0.105351713071481,3.4467798869155573,
2023-01-16,0.07052296268694924,30,False,0.105351713071481,7.306920970014569,
2023-01-23,0.048993557863907355,30,False,0.105351713071481,5.021358509939403,
2023-01-30,0.11234662851754207,30,True,0.105351713071481,11.890063630295039,
2023-02-06,0.06751678353867208,30,False,0.105351713071481,6.984821528611613,
2023-02-13,0.08231333593386614,30,False,0.105351713071481,8.579597542966233,
2023-02-20,0.08287142028874506,30,False,0.105351713071481,8.640211029760133,
2023-02-27,0.030301274476956852,30,False,0.105351713071481,3.076503037423634,
2023-03-06,0.05522875794778592,29,False,0.105351713071481,5.678233438485815,
2023-03-13,0.07164684834762003,30,False,0.105351713071481,7.427589475883665,
2023-03-20,0.03922071315328157,29,False,0.105351713071481,4.000000000000028,
2023-03-27,0.11394803781108198,30,True,0.105351713071481,12.069388966353738,
2023-04-03,0.06122667132190429,30,False,0.105351713071481,6.313987019700165,
2023-04-10,0.06453852113757108,29,False,0.105351713071481,6.666666666666655,
2023-04-17,0.07072316608672757,30,False,0.105351713071481,7.328406331061911,
2023-04-24,0.10505066901410531,30,False,0.105351713071481,11.076689039310322,
2023-05-01,0.06679426518724041,30,False,0.105351713071481,6.90755094979964,
2023-05-08,0.08412554619695145,30,False,0.105351713071481,8.77654500520175,
2023-05-15,0.04688158218558325,30,False,0.105351713071481,4.79979001105998,
2023-05-22,0.08257298012468217,30,False,0.105351713071481,8.607793264978717,
2023-05-29,0.04246360394926452,30,False,0.105351713071481,4.337808084103606,
2023-06-05,0.03371280678023458,30,False,0.105351713071481,3.4287523705948697,
2023-06-12,0.07261727594728473,30,False,0.105351713071481,7.5318907739203595,
2023-06-19,0.058291885242902186,30,False,0.105351713071481,6.002435602587657,
2023-06-26,0.05996280053361014,30,False,0.105351713071481,6.179704752711064,
2023-07-03,0.13290835039880733,30,True,0.105351713071481,14.214531637118807,
2023-07-10,0.08815495487652214,30,False,0.105351713071481,9.215734402335809,
2023-07-17,0.061895750585793774,30,False,0.105351713071481,6.385143305819704,
2023-07-24,0.0728390635052385,30,False,0.105351713071481,7.555742654304638,
2023-07-31,0.09809864768832943,30,False,0.105351713071481,10.307159520441607,
2023-08-07,0.06953494180910047,30,False,0.105351713071481,7.200951850230362,
2023-08-14,0.05345133977300742,30,False,0.105351713071481,5.490565856985709,
2023-08-21,0.05207742287625061,30,False,0.105351713071481,5.345730105033029,
2023-08-28,0.05164136521949425,30,False,0.105351713071481,5.299803306907861,
2023-09-04,0.0706431445340936,30,False,0.105351713071481,7.319818088972385,
2023-09-11,0.0616255399711525,30,False,0.105351713071481,6.356400794299074,
2023-09-18,0.0657264789032257,30,False,0.105351713071481,6.793457457811234,
2023-09-25,0.0474987218618379,30,False,0.105351713071481,4.864486080741356,
2023-10-02,0.05880819143853211,30,False,0.105351713071481,6.057179447918295,
2023-10-09,0.10270880057859211,30,False,0.105351713071481,10.816866401291716,
2023-10-16,0.0996788599815086,30,False,0.105351713071481,10.481606044912276,
2023-10-23,0.0758659668002748,30,False,0.105351713071481,7.881796704237949,
2023-10-30,0.058844943378900894,30,False,0.105351713071481,6.061077326679912,
2023-11-06,0.05359319227403203,30,False,0.105351713071481,5.505531018984759,
2023-11-13,0.09526514115095974,30,False,0.105351713071481,9.99504585969458,
2023-11-20,0.07940898951492104,30,False,0.105351713071481,8.26470228148541,
2023-11-27,0.06295353786572022,30,False,0.105351713071481,6.4977356960824375,
2023-12-04,0.0917674857458155,30,False,0.105351713071481,9.610993126591895,
2023-12-11,0.07369930167465721,30,False,0.105351713071481,7.648306017036754,
2023-12-18,0.039511203562065056,30,False,0.105351713071481,4.0302153909416685,
2023-12-25,0.06258173101398823,30,False,0.105351713071481,6.458146468485798,
2024-01-01,0.08407050602414134,30,False,0.105351713071481,8.77055809012891,
2024-01-08,0.07293695791145494,30,False,0.105351713071481,7.566272275254035,
2024-01-15,0.07627910529270698,30,False,0.105351713071481,7.926376035173923,
2024-01-22,0.035361238495820846,30,False,0.105351713071481,3.59938820843008,
2024-01-29,0.09139385360592422,30,False,0.105351713071481,9.57004658662242,
2024-02-05,0.06552817571050262,30,False,0.105351713071481,6.7722820738779275,
2024-02-12,0.08205072935460045,30,False,0.105351713071481,8.55108756989452,
2024-02-19,0.06280406902021074,30,False,0.105351713071481,6.4818187920488395,
2024-02-26,0.053572217906213915,30,False,0.105351713071481,5.503318130377372,
2024-03-04,0.06565429814479895,30,False,0.105351713071481,6.785749303250483,
2024-03-11,0.059769491886517034,30,False,0.105351713071481,6.15918128138272,
2024-03-18,0.03727303183466768,30,False,0.105351713071481,3.797638274910927,
2024-03-25,0.046048741399264514,30,False,0.105351713071481,4.7125448072661404,
2024-04-01,0.10265189523056728,30,False,0.105351713071481,10.810560508363347,
2024-04-08,0.06558554563574148,30,False,0.105351713071481,6.778407767431699,
2024-04-15,0.05405441952605505,30,False,0.105351713071481,5.554204268981689,
2024-04-22,0.07058587357924306,30,False,0.105351713071481,7.313671956515162,
2024-04-29,0.1000491231504892,30,False,0.105351713071481,10.522520888642946,
2024-05-06,0.07299901716307922,30,False,0.105351713071481,7.572947964753454,
2024-05-13,0.06467944567850292,30,False,0.105351713071481,6.681699676934542,
2024-05-20,0.033427463713238126,30,False,0.105351713071481,3.3992439033963096,
2024-05-27,0.0637757444831526,30,False,0.105351713071481,6.585334846478965,
2024-06-03,0.07341272082190375,30,False,0.105351713071481,7.617460493780212,
2024-06-10,0.03138816268754807,30,False,0.105351713071481,3.1885965789034216,
2024-06-17,0.03631051561324039,30,False,0.105351713071481,3.6977794299139792,
2024-06-24,0.04317919419241667,30,False,0.105351713071481,4.412497922032916,
2024-07-01,0.08261255410289081,30,False,0.105351713071481,8.612091392469114,
2024-07-08,0.025995209329144675,30,False,0.105351713071481,2.6336031623550147,
2024-07-15,0.08126977392095824,30,False,0.105351713071481,8.466347101800418,
2024-07-22,0.0645439440924287,30,False,0.105351713071481,6.667245116753255,
2024-07-29,0.06642482594341725,30,False,0.105351713071481,6.8680623997769255,
2024-08-05,0.05770048709566433,30,False,0.105351713071481,5.939764492185486,
2024-08-12,0.12167220595397765,30,True,0.105351713071481,12.938383580109287,
2024-08-19,0.06930877963171422,30,False,0.105351713071481,7.17670979096382,Episodio de alta volatilidad 2024-Q3
2024-08-26,0.0508528319809991,30,False,0.105351713071481,5.216803640291978,Episodio de alta volatilidad 2024-Q3
2024-09-02,0.37375853305357953,30,True,0.105351713071481,45.3186211651389,Episodio de alta volatilidad 2024-Q3
2024-09-09,0.29231397278747195,30,True,0.105351713071481,33.95235255570212,Episodio de alta volatilidad 2024-Q3
2024-09-16,0.07844235253886644,30,False,0.105351713071481,8.16010018133238,Episodio de alta volatilidad 2024-Q3
2024-09-23,0.06876930576627371,30,False,0.105351713071481,7.1189063501724,Episodio de alta volatilidad 2024-Q3
2024-09-30,0.08259750373083596,30,False,0.105351713071481,8.610456752385003,Episodio de alta volatilidad 2024-Q3
2024-10-07,0.06889075312530446,30,False,0.105351713071481,7.1319164484559385,Episodio de alta volatilidad 2024-Q3
2024-10-14,0.06807942067340411,30,False,0.105351713071481,7.045032098819284,Episodio de alta volatilidad 2024-Q3
2024-10-21,0.11411913490768777,30,True,0.105351713071481,12.088565353889603,
2024-10-28,0.09418812960182787,30,False,0.105351713071481,9.876643696650007,
2024-11-04,0.07349018934359686,30,False,0.105351713071481,7.625797782287568,
2024-11-11,0.08650514090400874,30,False,0.105351713071481,9.035697312390505,
2024-11-18,0.07343420497325237,30,False,0.105351713071481,7.61977258842582,
2024-11-25,0.04978481088752407,30,False,0.105351713071481,5.104489862034329,
2024-12-02,0.09577776177123054,30,False,0.105351713071481,10.051446043043304,
2024-12-09,0.07672802123686662,30,False,0.105351713071481,7.97483678275877,
2024-12-16,0.07367921694665736,30,False,0.105351713071481,7.646143951803073,
2024-12-23,0.07820175615768354,30,False,0.105351713071481,8.13408038290056,
2024-12-30,0.04985518713544401,30,False,0.105351713071481,5.111886981958079,
2025-01-06,0.11334449278579273,30,True,0.105351713071481,12.00177045161758,
2025-01-13,0.126030674579388,30,True,0.105351713071481,13.431696244508979,
2025-01-20,0.08796842471400579,30,False,0.105351713071481,9.195364273529178,
2025-01-27,0.04988639869731459,30,False,0.105351713071481,5.115167739320465,
2025-02-03,0.06400069481097104,30,False,0.105351713071481,6.609313949445738,
2025-02-10,0.06563273380414181,30,False,0.105351713071481,6.783446563803798,
2025-02-17,0.0533754114177416,30,False,0.105351713071481,5.48255643589906,
2025-02-24,0.052622001020736775,30,False,0.105351713071481,5.40311471104611,
2025-03-03,0.05588067308913969,30,False,0.105351713071481,5.747149140129846,
2025-03-10,0.06166667405214632,30,False,0.105351713071481,6.360775757082979,
2025-03-17,0.07825046911436084,30,False,0.105351713071481,8.139348041974173,
2025-03-24,0.046048230054950956,30,False,0.105351713071481,4.712491263115485,
2025-03-31,0.054380998942493264,30,False,0.105351713071481,5.588681728922396,
2025-04-07,0.1069099880933071,30,True,0.105351713071481,11.283408165349725,
2025-04-14,0.05116901896180348,30,False,0.105351713071481,5.250077083802504,
2025-04-21,0.09409932703183621,30,False,0.105351713071481,9.866886801532775,
2025-04-28,0.06923213944092366,30,False,0.105351713071481,7.168496062232023,
2025-05-05,0.048580304083003956,30,False,0.105351713071481,4.977967002929253,
2025-05-12,0.059107156656106774,30,False,0.105351713071481,6.088891595825693,
2025-05-19,0.08352704546887235,30,False,0.105351713071481,8.711461641981101,
2025-05-26,0.09277178592923763,30,False,0.105351713071481,9.721130763461225,
2025-06-02,0.043294948931800636,30,False,0.105351713071481,4.424584863065169,
2025-06-09,0.0370720799530857,30,False,0.105351713071481,3.776782039815845,
2025-06-16,0.0627482813164204,30,False,0.105351713071481,6.475878581579905,
2025-06-23,0.06574740924975053,30,False,0.105351713071481,6.795692705274583,
2025-06-30,0.0658198731402666,30,False,0.105351713071481,6.803431817058055,
2025-07-07,0.040509801844049065,30,False,0.105351713071481,4.134151671964229,
2025-07-14,0.09797912858168134,30,False,0.105351713071481,10.293976495106234,
2025-07-21,0.04813440965592308,30,False,0.105351713071481,4.931168346881712,
2025-07-28,0.09573527738516141,30,False,0.105351713071481,10.046770674237939,
2025-08-04,0.047637583163576025,30,False,0.105351713071481,4.879048710854114,
2025-08-11,0.042551655014886336,30,False,0.105351713071481,4.346995543766926,
2025-08-18,0.07998755518887224,30,False,0.105351713071481,8.327358645588998,
2025-08-25,0.050579074843374094,30,False,0.105351713071481,5.18800373156751,
2025-09-01,0.06484433778909704,30,False,0.105351713071481,6.699292097941894,
2025-09-08,0.08952321436876343,30,False,0.105351713071481,9.365272147524,
2025-09-15,0.05565481655071958,30,False,0.105351713071481,5.7232681520174316,
2025-09-22,0.039618843687676986,30,False,0.105351713071481,4.041413819083078,
2025-09-29,0.06706229380074413,30,False,0.105351713071481,6.936209072880726,
2025-10-06,0.04568911998956082,30,False,0.105351713071481,4.674894704586157,
2025-10-13,0.043850639898510124,30,False,0.105351713071481,4.482628787324526,
2025-10-20,0.08831176783965855,30,False,0.105351713071481,9.232862188162882,
2025-10-27,0.05629333082568566,30,False,0.105351713071481,5.79079552422987,
2025-11-03,0.09220427325802927,30,False,0.105351713071481,9.658880297088633,
2025-11-10,0.08038709080200057,30,False,0.105351713071481,8.370647930473673,
2025-11-17,0.07835574618343433,30,False,0.105351713071481,8.150733234876904,
2025-11-24,0.10451076765424938,30,False,0.105351713071481,11.016734770001827,
2025-12-01,0.05470645273964836,30,False,0.105351713071481,5.623051558920144,
2025-12-08,0.05944183595811969,30,False,0.105351713071481,6.124403294200049,
2025-12-15,0.05535303644232359,30,False,0.105351713071481,5.691367786384537,
2025-12-22,0.0896513064152824,30,False,0.105351713071481,9.379281866299099,
2025-12-29,0.06864999473770173,30,False,0.105351713071481,7.106126645671259,
2026-01-05,0.07800032648224997,30,False,0.105351713071481,8.112301163749885,
2026-01-12,0.06815314517909643,30,False,0.105351713071481,7.0529242318158145,
2026-01-19,0.05564448285508572,30,False,0.105351713071481,5.722175645587756,
2026-01-26,0.07341688193220053,30,False,0.105351713071481,7.617908302834876,
2026-02-02,0.06983410613226271,30,False,0.105351713071481,7.233027348116064,
2026-02-09,0.04018455698472412,30,False,0.105351713071481,4.100288081730598,
2026-02-16,0.06890506621800574,30,False,0.105351713071481,7.133449848481152,
2026-02-23,0.07002071784462949,30,False,0.105351713071481,7.253040154225701,
2026-03-02,0.06695723050345626,30,False,0.105351713071481,6.924974592332182,
2026-03-09,0.07027744993637652,30,False,0.105351713071481,7.280578986470466,
2026-03-16,0.05548946802482391,30,False,0.105351713071481,5.705788410640182,
2026-03-23,0.028558859100775713,30,False,0.105351713071481,2.8970573334850425,
2026-03-30,0.0678522592686881,30,False,0.105351713071481,7.020718360635858,
2026-04-06,0.11014115951658887,30,True,0.105351713071481,11.643565485368287,
2026-04-13,0.08964433649840942,29,False,0.105351713071481,9.378519504453667,
2026-04-20,0.057468586278429434,30,False,0.105351713071481,5.915199822615637,
2026-04-27,0.07631983071445525,30,False,0.105351713071481,7.930771471858117,
2026-05-04,0.06967378793633516,30,False,0.105351713071481,7.215837320601683,
2026-05-11,0.0748141824649089,30,False,0.105351713071481,7.768387971612409,
2026-05-18,0.05471773664685342,30,False,0.105351713071481,5.624243406356984,
2026-05-25,0.07400856049344329,30,False,0.105351713071481,7.681602353327345,
2026-06-01,0.07120011721189057,30,False,0.105351713071481,7.379608944824945,
2026-06-08,0.05715841383994835,30,False,0.105351713071481,5.882352941176443,
2026-06-15,0.07675192400263597,30,False,0.105351713071481,7.9774177108369075,
2026-06-22,0.07016988330726459,30,False,0.105351713071481,7.269039796846707,
2026-06-29,0.05566731718988027,30,False,0.105351713071481,5.724589768703998,
2026-07-06,0.1397848182243937,30,True,0.105351713071481,15.00263075275226,
2026-07-13,0.04509059156444373,30,False,0.105351713071481,4.612262550141464,
2026-07-20,0.06343529187689168,30,False,0.105351713071481,6.549053767785626,
2026-07-27,0.02858131726014923,30,False,0.105351713071481,2.8993682379469363,
2026-08-03,0.06541980047940488,30,False,0.105351713071481,6.760711230141095,
2026-08-10,0.051705297571917885,30,False,0.105351713071481,5.306535586245952,
2026-08-17,0.06816299577776919,30,False,0.105351713071481,7.053978772403087,
2026-08-24,0.04853165946980065,30,False,0.105351713071481,4.972860514532109,
2026-08-31,0.03173839332005901,30,False,0.105351713071481,3.224742715723869,
2026-09-07,0.04085883557259695,30,False,0.105351713071481,4.170504346977263,
2026-09-14,0.04884398737876605,30,False,0.105351713071481,5.005651589072041,
2026-09-21,0.03906423453145136,30,False,0.105351713071481,3.98372749651235,
